time,AIR-pickup,RCCS-EnergyBalance,RCCS-InletTemp,RCCS-OutletTemp,RV-surface,T_core,Ts_core,air_T_in,air_T_out,air_flow,diode:VC:DP,diode:VC:P1,diode:VC:P2,dt_max_pp,efr_OutAns,efr_dfCht,efr_inltAns,efr_inltCht,imfr_CtrlRd,imfr_DCPipe,imfr_inltAns,imfr_inltCht,inlet_T,inlet_p,inlet_vel,omfr_CtrlRd,omfr_DiodePipe,omfr_ExtPipe,omfr_OutAns,omfr_dfCht,omfr_uhPipe,outlet_T,outlet_p,outlet_vel,rccs_Qwall,rho_up,total_power,vessel_Qwall,water_flow,HX-J:pressure,HX-J:rho,HX-J:temperature,HX-J:velocity,IHX_inlet:pressure,IHX_inlet:rho,IHX_inlet:temperature,IHX_inlet:velocity,IHX_outlet:pressure,IHX_outlet:rho,IHX_outlet:temperature,IHX_outlet:velocity,RCCS-inlet:pressure,RCCS-inlet:rho,RCCS-inlet:temperature,RCCS-inlet:velocity,Tank-branch:pressure,Tank-branch:rho,Tank-branch:temperature,Tank-branch:velocity,chimney-J:pressure,chimney-J:rho,chimney-J:temperature,chimney-J:velocity,cold_leg_chain:0:junction:pressure,cold_leg_chain:0:junction:rho,cold_leg_chain:0:junction:temperature,cold_leg_chain:0:junction:velocity,cold_leg_chain:1:junction:pressure,cold_leg_chain:1:junction:rho,cold_leg_chain:1:junction:temperature,cold_leg_chain:1:junction:velocity,diode:pressure,diode:rho,diode:temperature,diode:velocity,downcomer_branch:pressure,downcomer_branch:rho,downcomer_branch:temperature,downcomer_branch:velocity,downcomer_top_jun:pressure,downcomer_top_jun:rho,downcomer_top_jun:temperature,downcomer_top_jun:velocity,hot_leg_jun:pressure,hot_leg_jun:rho,hot_leg_jun:temperature,hot_leg_jun:velocity,inlet_plenum:pressure,inlet_plenum:rho,inlet_plenum:temperature,inlet_plenum:velocity,outlet_plenum:pressure,outlet_plenum:rho,outlet_plenum:temperature,outlet_plenum:velocity,pump:pressure,pump:pump_head,pump:rho,pump:temperature,pump:velocity,riser-chain:0:junction:pressure,riser-chain:0:junction:rho,riser-chain:0:junction:temperature,riser-chain:0:junction:velocity,riser-chain:1:junction:pressure,riser-chain:1:junction:rho,riser-chain:1:junction:temperature,riser-chain:1:junction:velocity
0,1482526.6309318,1510527.920768,326.05523457026,328.8454186893,798.37509085021,892.59712012096,922.96509982051,303.15075066515,311.51583124877,173.60921509168,-95240.18016391,138561.33659555,233801.51675946,10,2556771660.9395,93598699.753274,-1932260418.3746,-406255659.98572,146.19267566662,1324.6442409022,-973.72660235494,-204.72496342813,821.43128808179,362728.80223139,0.1294475903663,146.19267569721,-1.4211208502947e-16,1324.6442327433,1139.255322446,39.19624436153,1.4598213619116e-05,932.23109233057,136639.18634115,0.167611236619,1513775.0150675,918.88424162211,320480538.04751,1522421.6778507,-129.48885162,70974.79234423,985.37770004832,328.82748343897,0.22108189936651,367531.48086982,1964.8016986599,918.88422405752,1.8435023436508,325557.68313749,2012.1584895305,821.84161981448,1.8001149296698,490073.0457768,986.70811306429,326.05286968329,0.13123165368631,99983.365584757,986.69691605579,326.07665961192,0.18362312152592,101402.29564796,1.1330963360583,311.5158312967,2.5936476989994,189290.12167578,2012.1584906027,821.8416176174,1.3972156102508,189167.74167815,2012.1584908904,821.84161702796,1.3972156102068,-3104984.9140467,2011.5199993248,823.15000138356,1.0849681582674e-320,232503.72863197,2012.2050342102,821.74624137261,1.135744862634,197592.05247435,2012.1584909716,821.8416168614,1.1357711334097,205560.24778778,1964.8016945495,918.88423248044,1.4308921111939,365689.14079551,2012.3587314145,821.43128808495,0.006612826448504,121192.99722669,1964.8016900884,918.88424162211,0.1987041350769,205929.04024043,0,1964.8016911851,918.88423937471,1.430892111196,405373.9684206,985.36894326721,328.84541870164,0.18386787963728,70976.584858463,985.37721054213,328.8284860245,0.22108189938304
0.05,1482515.7597198,1510627.0757341,326.05547413006,328.84585296848,798.37508738984,892.60534159045,922.96777269745,303.15084317752,311.51622114671,173.60928401572,-96025.475161927,138562.10678875,234587.58195068,5,2546385627.1511,103288908.1463,-1930191024.0738,-405875901.7254,146.30684076354,1323.5242016245,-972.68376969605,-204.53359133638,821.43128807667,363778.94447026,0.12931201853983,146.30684079634,2.1588099435459e-15,1323.535484606,1134.5590989317,43.254205586184,0.65563654412095,932.23402479634,136637.86047378,0.16753141933934,1513774.9783233,918.88543232964,320470562.79395,1522423.8212578,-129.48886153453,70974.792356123,985.37769734678,328.82748897215,0.22108191730196,367535.78870633,1964.8016984088,918.88422457203,1.8419598474357,325837.52009349,2012.1572814099,821.84409547144,1.7985928580784,490073.04471659,986.70811049859,326.05287513454,0.13123166403583,99983.365523942,986.69691435814,326.07666321886,0.18362313593437,101402.29567694,1.1330949695206,311.5162069917,2.5936486342558,189898.11445627,2012.1584900451,821.84161876005,1.3960342308356,189871.00553783,2012.1584907279,821.84161736082,1.3960342314875,-3104984.9140467,2011.5199993248,823.15000138356,1.5484605278783e-317,233291.98769273,2012.2049526757,821.74640845142,1.134784560713,198309.84866411,2012.1584910143,821.84161677392,1.1348108118443,205161.69969814,1964.8016946115,918.88423235347,1.4296948536335,366739.22451208,2012.3587313978,821.43128811922,0.0066179905583224,121193.80315152,1964.8011090231,918.88543232964,0.19862557588076,205226.71605267,143897.60277778,1964.8017020622,918.88421708556,1.4296948541604,405373.96752872,985.36873126629,328.84585291281,0.18386789416046,70976.584857835,985.37720786338,328.82849151102,0.22108191688471
0.1125,1482505.2688731,1510695.8147369,326.05574461968,328.8462612736,798.37507698026,892.61529522727,922.97239518046,303.1510605811,311.51619807326,173.60858261595,-95345.219013433,138561.30654273,233906.52555616,5,2543290918.4961,102728083.93164,-1927496799.4774,-405306741.43599,146.34363701349,1321.916476592,-971.32606562816,-204.24677365914,821.43128793139,363143.57055272,0.12913137523742,146.34363682944,9.3512746865237e-14,1321.9466431877,1133.1708171548,43.01934649151,0.65141465568912,932.23871553276,136638.05591432,0.16730048122427,1513775.039866,918.88677950109,320456130.62622,1522430.2385283,-129.48887534647,70974.791321017,985.37769843574,328.82748674179,0.22108195076597,366661.81657993,1964.801697428,918.88422658199,1.839749265527,325083.83851396,2012.1580655382,821.84248865129,1.7964081525542,490073.03960695,986.70810733558,326.05288185488,0.13123167865729,99983.365262878,986.69692267855,326.07664554076,0.18362316849703,101402.29559337,1.1330893627025,311.51774845415,2.5936714316316,189193.25160562,2012.1585130263,821.84157166745,1.3943384378553,189180.51516264,2012.1585144708,821.84156870746,1.3943383328,-3104984.9140467,2011.5199993248,823.15000138356,1.0021330626791e-316,232614.07805642,2012.2048378217,821.74664380791,1.1334060015267,197620.3252037,2012.1584858589,821.84162733828,1.133432186899,204224.91687375,1964.8017060528,918.88420890819,1.4279790889346,366103.8695334,2012.3587316301,821.43128764333,0.0066196552643903,121193.10098552,1964.8004516035,918.88677950109,0.19838768271006,204244.72086184,142892.73125,1964.8017113903,918.88419797067,1.4279791005353,405373.96468134,985.36853242674,328.84626016743,0.18386791529844,70976.584017192,985.37720591437,328.82849550289,0.22108194491008
0.190625,1483103.7422929,1510726.4660217,326.0560582862,328.84664155427,798.37505285613,892.62589167114,922.98033731792,303.14886805721,311.51420816039,173.60995090458,-94762.997958543,138561.25490787,233324.25286642,5,2538195220.9864,102039850.73792,-1923300633.9364,-404422378.08516,146.30440387614,1319.3170094783,-969.21148686056,-203.80111536768,821.43128742181,362660.33232232,0.12885014472576,146.30440402285,-2.5766166784918e-15,1319.3790147664,1130.8905067767,42.731125562811,0.60331582740142,932.24524787784,136637.96882405,0.16693505022026,1513774.804913,918.88825394641,320445856.69353,1522445.3707572,-129.48889512611,70974.792354778,985.37769138837,328.8275011759,0.22108198219046,365697.4930919,1964.8017023098,918.88421657833,1.8361765771026,324334.74618876,2012.1617537139,821.83493091404,1.7928756791883,490073.03618532,986.70810300456,326.05289105687,0.13123170097887,99983.365615494,986.69691477006,326.07666234367,0.18362318712893,101402.29483289,1.1331183329453,311.50978393311,2.593580296805,188554.98404396,2012.1585161086,821.84156535114,1.3915965287146,188574.72594071,2012.1584985658,821.84160129962,1.3915964526267,-3104984.9140467,2011.5199993248,823.15000138356,9.9972577722627e-317,232036.88341919,2012.2047873698,821.74674719312,1.131177355664,197017.60245933,2012.1584548138,821.84169095523,1.1312034244915,203119.46292114,1964.8017099949,918.88420083004,1.425206002615,365620.63383972,2012.3587315727,821.4312877608,0.0066178798957008,121193.20920895,1964.7997320742,918.88825394641,0.19799657821144,203036.1442896,141636.64184028,1964.8017173516,918.88418575491,1.4252060378185,405373.96415417,985.36834593902,328.84664212356,0.18386794468255,70976.58477845,985.37720087298,328.82850582843,0.22108197939414
0.28828125,1483532.4110173,1510685.7307486,326.05638272595,328.84689733496,798.375001572,892.63691354224,922.99395877722,303.14831153916,311.50851250353,173.6043168302,-93990.951194648,138561.24154105,232552.1927357,5,2530170960.3838,101349767.44707,-1916950379.7781,-403085885.15167,146.14135876491,1315.2803694634,-966.01139404035,-203.12761453869,821.43128798553,361999.70933304,0.12842464794868,146.14135872872,5.5043097354932e-14,1315.3927432926,1127.3080013843,42.442119204497,0.54609863041683,932.25022462776,136638.04838094,0.16638429946125,1513774.6172578,918.88980504456,320430053.93752,1522477.7743628,-129.48891574572,70974.792779112,985.37768374779,328.82751682501,0.22108200327702,364450.72214019,1964.8016955985,918.88423033098,1.830629581492,323386.71397229,2012.1702044759,821.81761377898,1.7873903109271,490073.03896008,986.70809799126,326.05290170848,0.13123172234088,99983.365755353,986.69689778833,326.07669842421,0.18362317859464,101402.29722331,1.1331019401568,311.5142906009,2.5937201144918,187725.39393743,2012.1585478008,821.84150040825,1.3873388599376,187780.02221692,2012.1585032359,821.84159172971,1.3873387770483,-3104984.9140467,2011.5199993248,823.15000138356,2.1829089981976e-317,231272.69040706,2012.2048043132,821.74671247291,1.1277163824528,196225.14186143,2012.1584715067,821.84165674856,1.1277424118833,201718.61655679,1964.8017095832,918.88420167367,1.420900549883,364960.01180164,2012.3587316096,821.43128768533,0.0066105052381541,121193.43698249,1964.7989751383,918.88980504456,0.1973914467411,201524.49653197,140066.53007813,1964.8017001144,918.88422107708,1.4209005772654,405373.9641745,985.36822159811,328.84689679327,0.18386797359832,70976.585119475,985.37719493187,328.82851799677,0.22108201177842
0.4103515625,1484820.2444348,1510524.668743,326.05676170639,328.84698356529,798.37490150671,892.64891125132,923.01709993317,303.14448678806,311.503064342,173.60498960581,-92946.847417914,138561.2307461,231508.07816401,5,2518248022.8497,100548240.39048,-1907657179.4298,-401130864.86967,145.7845372677,1309.2552279699,-961.32826153302,-202.14241905229,821.43128585258,361075.48241353,0.12780200761336,145.78453729936,2.8386021012883e-14,1309.4429398597,1122.0070629516,42.10642769184,0.48884884706293,932.24227196339,136638.30885244,0.16558190354869,1513774.3622515,918.89118697199,320397315.99751,1522541.7315744,-129.48894610685,70974.792932691,985.37767931009,328.82752591411,0.22108207816584,362828.42990099,1964.8016889428,918.88424396977,1.8223498695869,322170.86927136,2012.1870288083,821.7831376879,1.7792026831128,490073.02458649,986.70809148431,326.05291553357,0.13123176328226,99983.365571595,986.69691299846,326.07666610773,0.18362326426622,101402.29512044,1.1331563906535,311.49932169813,2.5935681082889,186627.60016929,2012.1586067632,821.8413795836,1.3809837230944,186717.27850583,2012.1584821371,821.84163496498,1.380983691589,-3104984.9140467,2011.5199993248,823.15000138356,-1.8711720537269e-316,230240.27078409,2012.2048729399,821.74657184437,1.1225506150863,195162.99653996,2012.1584511906,821.84169837986,1.1225765343429,199937.67567978,1964.8017078622,918.88420520038,1.4144739625362,364035.78748513,2012.3587323449,821.43128617839,0.0065943652955637,121193.78172423,1964.7983007577,918.89118697199,0.19649246392065,199632.21779061,138103.89037543,1964.801695365,918.88423080942,1.4144740052064,405373.96169832,985.3681782211,328.84698563621,0.18386801683553,70976.585150752,985.37718656788,328.82853512754,0.22108206903904
0.562939453125,1483621.6951666,1510293.9508299,326.05698404051,328.8467753641,798.37471733254,892.66393454404,923.05591636039,303.15071645402,311.47572297366,173.60094229231,-91549.451996068,138561.23130318,230110.68329925,5,2501170869.4742,99541020.763889,-1894450412.0936,-398352948.82111,145.14300738938,1300.5585505104,-954.67296078432,-200.74254077093,821.43128295275,359805.35943739,0.12691718243234,145.14300712313,1.3657249934945e-15,1300.8545233275,1114.4535419642,41.684575900072,0.4366511704741,932.20139886683,136638.76313094,0.1644453935802,1513773.3587338,918.89169867216,320330604.48174,1522661.0310527,-129.48898355146,70974.792859213,985.37767142186,328.82754207046,0.22108213414151,360726.0906831,1964.8016957993,918.88422991948,1.8103976383397,320615.02050415,2012.2187838277,821.71806592688,1.7673847387252,490073.03198828,986.70808366387,326.05293214943,0.13123180857605,99983.365403901,986.69690242872,326.07668856491,0.18362329000384,101402.29513221,1.1332389265719,311.47663461775,2.5936035324368,185184.33333831,2012.1586765598,821.84123655779,1.3718108307558,185307.8536349,2012.1584710327,821.84165771996,1.3718108662326,-3104984.9140467,2011.5199993248,823.15000138356,8.1147011614849e-317,228859.66004715,2012.2050147891,821.74628116982,1.1150942925066,193751.76101574,2012.1584859078,821.84162723812,1.1151201371708,197676.62355234,1964.8016934926,918.88423464628,1.4051968188358,362765.66603024,2012.3587337528,821.43128329342,0.0065653474059967,121194.27966254,1964.798051048,918.89169867216,0.19519990556871,197263.6803381,135650.59074707,1964.8017008969,918.88421947361,1.40519684145,405373.95981665,985.36828125262,328.84677461148,0.18386807302119,70976.585548112,985.37718059756,328.8285473557,0.22108213335898
0.75367431640625,1493398.9575572,1509862.2730821,326.05719783122,328.84618141509,798.37439684948,892.68673889135,923.1201234223,303.0712386965,311.50510163727,173.6244623867,-89703.728223035,138561.24645711,228264.97468015,5,2477397290.0641,98252841.702039,-1876152025.1052,-394504370.79916,144.10602855323,1288.3610827917,-945.45183859474,-198.80312347546,821.43127536184,358094.37824147,0.12569124726763,144.10602856372,-6.6560176465508e-14,1288.8078001733,1103.9746593987,41.145036310235,0.39168748061077,932.11479369282,136639.45624758,0.16287410086068,1513771.1742875,918.89000924689,320201137.45005,1522872.3121487,-129.48901938322,70974.795604375,985.37767411197,328.82753656068,0.22108224842014,358017.56876474,1964.8016872804,918.88424737625,1.7936314556111,318632.18413397,2012.2764896921,821.5998162047,1.7508094927395,490073.01607431,986.70807416038,326.05295234118,0.13123186557885,99983.366151659,986.69695417567,326.07657861982,0.18362338900734,101402.29938281,1.1331672686157,311.49633142655,2.5935305687031,183304.27944031,2012.1587343104,821.84111821639,1.3589453702639,183459.31763447,2012.1584722087,821.84165530997,1.3589454596908,-3104984.9140467,2011.5199993248,823.15000138356,7.7709149690736e-317,227037.31393522,2012.2051422933,821.74601989071,1.104636426426,191898.17479613,2012.1585006817,821.84159696382,1.1046620977879,194812.58802752,1964.8016859466,918.88425010948,1.3921831965552,361054.68608347,2012.3587379463,821.43127470021,0.0065184425600585,121194.97872492,1964.7988754875,918.89000924689,0.19339144747476,194299.62478738,132583.96621162,1964.8016638908,918.88429530568,1.3921832360276,405373.95271189,985.36857110307,328.84618095224,0.18386812904071,70976.587647037,985.37716960928,328.82856986142,0.22108221652314
0.99209289550781,1518697.6916112,1509109.0618664,326.05722045673,328.84483823608,798.37386852506,892.72641279699,923.22478952909,303.11211387377,311.59594620077,173.55515624814,-87298.162764938,138561.30921063,225859.47197557,5,2445138703.8483,96613907.983577,-1851333096.5133,-389287209.29418,142.54541158369,1271.6641617771,-932.94481656528,-196.17403521288,821.43126270933,355832.96394767,0.12402861343173,142.54541904278,6.7185343919023e-14,1272.3153041903,1089.7320042432,40.458571447251,0.35581457932171,932.01275836342,136640.46236438,0.16074599487053,1513770.7025054,918.88480902189,319959861.55146,1523229.0044333,-129.48865433023,70974.823968829,985.37763737241,328.82761180908,0.22108155610587,354550.65230061,1964.8017232852,918.88417359598,1.7706767991168,316116.83818221,2012.3774142319,821.39300362311,1.7281198785745,490073.08872191,986.70806254954,326.05297701038,0.13123162282934,99983.37570679,986.6970015709,326.07647792067,0.18362274839306,101402.29121723,1.1328090396792,311.59483611326,2.5942252026902,180879.02445294,2012.158691026,821.84120691385,1.3413341893801,181062.56870564,2012.1585034425,821.84159130625,1.3413342561829,-3104984.9140467,2011.5199993248,823.15000138356,-6.7803053452984e-316,224663.40872606,2012.205230638,821.74583885651,1.0903206350921,189492.29716381,2012.1585475814,821.8415008577,1.0903460788811,191194.54413196,1964.8017287791,918.88416233788,1.3743662885787,358793.28933756,2012.3587312155,821.43128849281,0.0064478365906074,121195.93265632,1964.8014131973,918.88480902189,0.19091762848129,190591.24114145,128750.6855423,1964.8013715484,918.88489436803,1.3743662360942,405373.87340284,985.36922912508,328.84483321984,0.18386761656647,70976.614075929,985.37716266552,328.82858408333,0.2210815855222
1.2901161193848,1501574.6914239,1509115.2720972,326.05739301046,328.84505964532,798.37305014571,892.79864192685,923.39287400906,303.05150746263,311.10906387184,173.63021571416,-84201.709994641,138561.36617296,222763.0761676,5,2402302989.1355,94546872.593959,-1818234728.2114,-382330577.08656,140.31630345998,1249.2505067315,-916.26553237151,-192.66837461669,821.43124319915,352894.01699481,0.12181138770631,140.31629991824,4.1206074287894e-13,1250.1735185265,1070.6753518824,39.592782087275,0.33256714130659,931.98893244026,136641.85015934,0.15791101790177,1513764.3674821,918.87699735802,319526062.8859,1523802.2366427,-129.4883576119,70974.781944331,985.37762839412,328.82763019802,0.2210810950994,350141.6850267,1964.8017139588,918.88419270748,1.7398585317845,312940.72495857,2012.5474519456,821.04456568526,1.6976614988079,490073.05620029,986.70804949926,326.05300473789,0.13123138920532,99983.363364424,986.69706040618,326.07635291522,0.18362233325621,101402.28988829,1.1345674723671,311.11190445995,2.5941314235196,177779.45943954,2012.1585934044,821.84140695814,1.3176929456324,177988.5633591,2012.158555737,821.8414841455,1.3176929330686,-3104984.9140467,2011.5199993248,823.15000138356,-4.4980607929186e-316,221608.82737121,2012.2053868012,821.74551885001,1.0711033685744,186404.28532281,2012.1584808912,821.84163751802,1.0711285210755,186636.80775569,1964.8016947009,918.88423217035,1.3504458044151,355854.32442018,2012.3587523923,821.43124509767,0.0063470284553524,121197.2016848,1964.8052252893,918.87699735802,0.18759436879693,185952.72503295,123959.08470565,1964.8008878411,918.8858855716,1.3504457975753,405373.91857546,985.36911364172,328.8450697479,0.18386717900783,70976.569876789,985.37714587284,328.82861847737,0.22108106922068
1.662645149231,1489159.5379531,1509241.6904752,326.05701362352,328.84480816418,798.37185512951,892.92925993546,923.65893448192,303.14533102078,311.24477407862,173.53697879317,-80257.378327636,138561.39469709,218818.77302473,5,2346197687.5869,91962241.314826,-1774632406.1854,-373161406.7955,137.25120428604,1219.5922365334,-894.2930168508,-188.04775518145,821.43118560023,349127.56932196,0.11889025012221,137.25120011276,1.596947768677e-16,1220.8692890594,1045.4862435294,38.510181040429,0.337691923453,932.14571870882,136643.59749971,0.15418026902274,1513755.2446089,918.87191697372,318769981.24634,1524680.8074289,-129.48851594593,70974.796509799,985.37760791747,328.82767213742,0.22108134646921,344566.34437979,1964.801686149,918.88424969473,1.6990739515211,308946.26414854,2012.8243062419,820.47724130749,1.6573581995565,490073.03699703,986.70802977204,326.05304665168,0.13123132661297,99983.366727938,986.69701786825,326.07644329422,0.18362253179051,101402.29455222,1.1340833356508,311.24471718287,2.5929007732625,173849.37841939,2012.1586338605,821.84132405634,1.2864105251508,174081.84606371,2012.1585741148,821.84144648607,1.286410525327,-3104984.9140467,2011.5199993248,823.15000138356,-2.5383235196495e-317,217718.66374043,2012.2054957762,821.74529554056,1.0456750170673,182477.82117991,2012.1585471455,821.8415017511,1.0456996975628,180909.68043373,1964.8016894591,918.88424291172,1.3187894923073,352087.88527465,2012.3587817723,821.43118489275,0.0062083829183027,121198.82196372,1964.8077045168,918.87191697372,0.18319349679661,180152.03487905,117969.58365984,1964.8006824916,918.88630636958,1.3187894947444,405373.96053691,985.36924113188,328.84480862803,0.18386741985242,70976.589565337,985.37712748108,328.82865614657,0.22108134639532
2.1283064365387,1483694.6570756,1509547.2802776,326.05669427656,328.84505821044,798.37023727582,893.15992975418,924.07475561344,303.15457605028,311.37918751615,173.46151847394,-75274.584790011,138561.33206231,213835.91685232,5,2272956102.2378,88741305.507094,-1717571741.9962,-361168434.77404,133.14351983881,1180.6865644126,-865.53848291636,-182.00414659144,821.43106485914,344352.93544648,0.11506782781121,133.1435120795,5.2694325840086e-16,1182.4177718549,1012.4558799191,37.161046579452,0.38438176331404,932.48729510386,136645.68208451,0.14930318180292,1513744.617499,918.87843573758,317487432.87763,1525958.1204886,-129.48856603402,70974.79564579,985.37758280318,328.82772357542,0.22108143721308,337548.41605622,1964.8016797047,918.88426290029,1.6455639574342,303939.4636669,2013.259668355,819.58510582999,1.6044879749513,490073.00112115,986.70800514982,326.05309896573,0.13123138236731,99983.36535403,986.69693225413,326.07662519582,0.18362258402173,101402.30284305,1.1335937482458,311.37914055426,2.5916048371375,168897.91544752,2012.1587032812,821.8411818008,1.2453742340502,169153.06877722,2012.1586099184,821.84137311807,1.2453742346333,-3104984.9140467,2011.5199993248,823.15000138356,8.9209955447407e-317,212804.87491851,2012.2057491208,821.74477639189,1.0123179261065,177522.75622741,2012.1585818667,821.84143060102,1.0123420469023,173727.94322178,1964.8016935599,918.88423450839,1.2772560235191,347313.25321682,2012.3588399787,821.43106561734,0.0060225841997113,121200.83190248,1964.8045233601,918.87843573758,0.17742050606552,172899.08724824,110482.70735258,1964.8014995105,918.88463215064,1.2772560273381,405373.93002809,985.3691192987,328.84505816151,0.18386749695761,70976.586805241,985.37710267014,328.82870696328,0.22108143812202
2.7103830456734,1486251.1363755,1509784.6686266,326.05649419555,328.84529481818,798.36824505902,893.55635029697,924.71881389474,303.13190772614,311.43428018687,173.40969194914,-69053.439524254,138561.07541169,207614.51493594,5,2177607908.3362,84741363.528535,-1643485028.2788,-345599492.54754,127.21241818894,1129.5757248532,-828.20409861965,-174.15851759143,821.43082329638,338387.84893198,0.11010500090507,127.21240415278,9.7440752109579e-16,1131.8842608587,969.53500781645,35.485612068229,0.48999049603535,932.89271622368,136648.10320735,0.14297431778959,1513731.1554121,918.90602436617,315423445.5829,1527712.8374289,-129.48893564934,70974.797665541,985.37754970076,328.82779137438,0.22108207861985,328758.4124982,1964.8016803298,918.88426161932,1.5752475209552,297707.44492598,2013.923865494,818.22404611893,1.5350310930845,490072.96886959,986.70797396492,326.0531652233,0.13123176474171,99983.365447911,986.69679573774,326.07691524786,0.18362309920245,101402.31379764,1.1333933992236,311.4341827897,2.5907742255171,162721.49288274,2012.1598850155,821.8387602142,1.191464305862,163002.33786139,2012.1586894035,821.84121023874,1.1914642901724,-3104984.9140467,2011.5199993248,823.15000138356,2.8548718730056e-316,206670.80265757,2012.2062067216,821.74383868522,0.96849626272656,171338.37487479,2012.1586820975,821.84122521001,0.96851964015425,164743.15398262,1964.8016871753,918.88424759163,1.2226777368502,341348.16592146,2012.3589594622,821.43082077426,0.0057543102604091,121203.28234864,1964.7910601093,918.90602436617,0.16984227853218,163833.67198417,101124.1119685,1964.8022172669,918.88316133827,1.2226777210849,405373.95976864,985.36900460311,328.84529307609,0.18386803052846,70976.593382481,985.37707073012,328.82877238145,0.22108207966838
3.4379788070917,1488033.7707128,1510268.501846,326.05609786396,328.84579513274,798.36613385528,894.22181795281,925.71227991712,303.14593703189,311.44328255772,173.30885098816,-61251.161270793,138560.63233189,199811.79360268,5,2051181042.1731,79688909.762067,-1545803605.6921,-325075776.27328,119.82955562528,1062.6265107542,-778.97979650016,-163.81606377164,821.43034144849,330893.38674092,0.10356185001316,119.82953224965,8.4160781452887e-15,1065.6593588315,912.90167587302,33.369342573515,0.63911576207002,933.21963220345,136650.94320638,0.13462797983039,1513711.2641518,918.95434035907,312010880.40583,1529956.4634585,-129.48930038853,70974.806680154,985.37751572739,328.82786095718,0.22108270385285,317730.22709037,1964.8016725806,918.8842774988,1.4830998575148,289922.02858391,2014.9268168785,816.16881787186,1.444049862988,490072.949324,986.70793834667,326.05324090026,0.13123213475433,99983.367473356,986.69696069047,326.07656477803,0.18362359257832,101402.31307558,1.1333607661654,311.44314996953,2.5895132401028,154982.56768329,2012.169389668,821.81928346715,1.12084853544,155290.83979021,2012.1597104317,821.83911796786,1.1208485246008,-3104984.9140467,2011.5199993248,823.15000138356,-2.4502335912586e-317,198976.63366381,2012.206986191,821.74224141179,0.91109496709193,163584.44361326,2012.159214793,821.84013362086,0.9111173850992,153491.46530598,1964.8016605896,918.88430207046,1.151154451819,333853.70517658,2012.3591977855,821.43033240686,0.005420373254294,121206.25595522,1964.7674819048,918.95434035907,0.15992390580424,152495.96199904,89425.867738402,1964.7983375217,918.89111163581,1.1511544294043,405373.92324706,985.36875858911,328.8457969514,0.18386854228093,70976.600901765,985.37703217474,328.82885134893,0.22108270246991
4.3474735088646,1500667.421722,1510285.2091039,326.05613993906,328.84586398231,798.36450818674,895.3109242466,927.23690719163,303.15081235973,311.08196371201,172.87342816332,-51757.005269984,138560.03572807,190317.04099805,5,1885806169.1867,73349151.400147,-1418678269.7399,-298361605.91556,110.37645127029,975.65034211653,-714.91810234559,-150.35411316552,821.42939708027,321758.02900549,0.09504620741125,110.37640675593,3.0341484960759e-16,979.54805450444,839.10382102286,30.713933455862,0.85313200981566,933.41577027104,136654.27926024,0.12375742950717,1513700.5822553,919.01751753335,306566160.34279,1532544.490129,-129.48948878526,70974.797720342,985.37746552225,328.82796378519,0.22108303956794,303868.7226052,1964.8017117199,918.88419729528,1.3632782960598,280490.41719764,2016.3395933445,813.27378413016,1.3258517765675,490072.95588774,986.70789249311,326.05333832387,0.13123233686235,99983.365303488,986.69676946328,326.07697107238,0.18362377413111,101402.31630035,1.13466178105,311.08604604609,2.5839091731986,145575.1637558,2012.2146020848,821.72663507208,1.029108834932,145910.51548746,2012.1676217469,821.82290625643,1.02910889439,-3104984.9140467,2011.5199993248,823.15000138356,4.0819604846275e-318,189612.99908881,2012.2086421632,821.73884802626,0.83652275030137,154152.07823926,2012.1642665721,821.82978161461,0.83654388537414,139384.41698991,1964.8015815596,918.88446401732,1.0581511689131,324718.34555503,2012.359654107,821.42939732167,0.0049928009123806,121209.81900891,1964.7366514437,919.01751753335,0.14703954004366,138303.73501612,74803.06245078,1964.7847906028,918.91887171563,1.058151189926,405373.89658451,985.36872543752,328.84586485104,0.18386882759106,70976.590343314,985.37698066793,328.82895684297,0.22108303925618
4.3474735088646,1482576.9039152,1510303.6502987,326.05613790559,328.84589680326,798.3645090821,895.26783318841,926.9977159711,303.15062013718,311.42996740912,173.20129243339,-51753.089467151,138560.03646965,190313.1259368,5,1885489364.0421,73337883.34601,-1418732851.2786,-298371953.11812,110.37322370722,975.67981411675,-714.94560812279,-150.35932753412,821.42939666051,321753.6353576,0.095049801560394,110.37317918256,5.8338611733836e-18,979.57725982608,838.96303833192,30.709218164758,0.67479246034408,933.4155469967,136654.28617703,0.12373672280754,1513700.6724628,919.01739248022,300955968.46827,1532543.8345259,-129.48949381201,70974.797850374,985.37746637128,328.82796204623,0.22108304823874,303867.36310431,1964.8017118699,918.88419698799,1.3633188997142,280487.20217641,2016.339424017,813.27413111272,1.3258918253433,490072.95601861,986.70789247764,326.05333835673,0.13123234214249,99983.36540456,986.69677257174,326.07696446793,0.18362384466958,101402.30987475,1.1334087475492,311.42996542923,2.5877313675028,145571.47129684,2012.2146056493,821.72662776773,1.0291399208835,145906.68178006,2012.1676226576,821.82290439027,1.0291399799481,-3104984.9140467,2011.5199993248,823.15000138356,1.0367473512333e-319,189609.04147781,2012.208642238,821.73884787292,0.83654801838159,154148.24002752,2012.1642678341,821.82977902858,0.8365691543665,139383.69501795,1964.8015819226,918.88446327327,1.0581826844572,324713.9517422,2012.3596544369,821.42939664565,0.0049926549289857,121209.82570799,1964.7367124697,919.01739248022,0.14701722526894,138303.46331468,74803.06245078,1964.7847976511,918.91885727238,1.0581827061658,405373.89765599,985.3687098375,328.84589680235,0.18386883512566,70976.590487144,985.37698126117,328.8289556279,0.22108304825898
4.3474735088646,1482577.6018157,1510300.9856888,326.05614089267,328.8458947501,798.36450857579,895.29227093471,927.13341724823,303.15062330197,311.42996798086,173.20146043022,-51755.321130074,138560.03602718,190315.35715725,5,1885668808.0343,73344261.921784,-1418701706.3691,-298366117.60521,110.37506277274,975.6630177478,-714.92991327709,-150.3563868477,821.4293965608,321756.13883184,0.095047754529867,110.37501824006,1.1041510133771e-19,979.56061562907,839.04278124225,30.711887391576,0.77591965597987,933.41567174624,136654.28228279,0.12374845133689,1513700.669074,919.0174632048,304138802.64089,1532544.208121,-129.48949666161,70974.797821915,985.37746630175,328.82796218865,0.22108305312788,303868.13761472,1964.8017119069,918.88419691216,1.3632957591286,280489.03410053,2016.3395210259,813.27393232388,1.3258690003944,490072.95589765,986.70789247079,326.05333837129,0.13123234505753,99983.365405881,986.69677343011,326.07696264417,0.18362384871294,101402.30985487,1.1334087405627,311.42996734893,2.5877338695969,145573.57537416,2012.2146039364,821.72663127784,1.0291222042175,145908.86643673,2012.167622178,821.82290537294,1.0291222634499,-3104984.9140467,2011.5199993248,823.15000138356,-6.7672171510876e-320,189611.29691829,2012.2086422569,821.73884783424,0.83653361740149,154150.42738104,2012.1642674293,821.82977985807,0.83655475297425,139384.10641094,1964.801582111,918.88446288721,1.0581647231524,324716.45527686,2012.3596544754,821.42939656687,0.0049927381206787,121209.8219279,1964.7366779561,919.0174632048,0.14702986642979,138303.61814443,74803.06245078,1964.7847939656,918.91886482464,1.058164744888,405373.89783603,985.36871084783,328.84589473303,0.18386883916367,70976.590450008,985.37698122833,328.82895569518,0.22108305312315
5.4843418860808,1479472.8389344,1510207.5519858,326.05628558389,328.84586490408,798.36556873346,896.90171344909,929.1900123449,303.15117569618,311.49195431192,173.09852932808,-44270.359131481,138559.24963576,182829.60876724,5,1737393729.4844,67669857.534814,-1304845242.97,-274446253.76974,100.94285060411,896.8030898808,-657.55525684186,-138.30266681747,821.42775126523,314235.37587187,0.087421329075232,100.94277985199,2.6621912015332e-14,901.36730166645,772.95279130361,28.33501794472,1.0803955262047,933.53515111392,136656.79536949,0.11401088688968,1513702.626383,919.10028546786,298736816.24271,1534205.5773663,-129.48940826957,70974.80104811,985.3774021753,328.82809352969,0.22108291841487,293099.06751732,1964.8017318056,918.88415613603,1.2544964903215,273746.41792216,2018.1038363725,809.65853202364,1.2186975040779,490072.94493728,986.70783295474,326.05346482315,0.1312322636583,99983.366608177,986.69662930822,326.07726885538,0.18362373618339,101402.31076189,1.1331838448477,311.49177485309,2.5860912752658,138394.13141762,2012.368609415,821.4110462808,0.94594289772155,138627.92937379,2012.2075551765,821.74107545796,0.94594312075679,-3104984.9140467,2011.5199993248,823.15000138356,-2.3382644820729e-319,182234.76119195,2012.2149325081,821.72595797513,0.76892003304596,146806.30022964,2012.192178073,821.77258591601,0.76893994822343,128931.51869203,1964.8012050499,918.88523555346,0.97371676423017,317195.69312416,2012.3604564495,821.42775317717,0.004566113748883,121212.62920585,1964.6962606917,919.10028546786,0.13534695916169,128175.33250324,64437.652920627,1964.7585207886,918.97270330195,0.97371682964104,405373.86761087,985.36872431602,328.84586714806,0.18386872627194,70976.593929675,985.37692251086,328.82907595777,0.22108291805601
5.4843418860808,1479905.3508771,1510369.1187692,326.05616515899,328.84604096606,798.36556986732,896.81559614152,928.77578413341,303.15076874176,311.49161696047,173.151287563,-44264.953610854,138559.25389989,182824.20751074,5,1736880959.2227,67651665.796369,-1304928444.7074,-274463243.89602,100.93784674993,896.84862106778,-657.597195926,-138.31123101255,821.42773760003,314229.34243922,0.087426876338238,100.9377749516,2.4018979906299e-17,901.41246424257,772.72522918815,28.327407382911,0.79434203793651,933.53445338031,136656.81334806,0.11397740789284,1513703.2601336,919.10000819763,290580562.74747,1534204.5199305,-129.48974043313,70974.798999894,985.37740439734,328.82808897859,0.22108348317546,293097.35951382,1964.8017142046,918.8841922037,1.2545592570803,273741.88384906,2018.1035452038,809.65912868072,1.2187593404977,490072.93302809,986.7078349652,326.05346055159,0.13123260175785,99983.365387868,986.69663675469,326.0772530341,0.18362420535535,101402.31122862,1.133184460869,311.49160552004,2.5868713203791,138389.00302562,2012.3686109186,821.41104319962,0.94599089023442,138622.62309932,2012.2075536446,821.74107859704,0.94599112303889,-3104984.9140467,2011.5199993248,823.15000138356,3.8635933504785e-320,182229.29801211,2012.2149353234,821.72595220609,0.76895904909896,146800.99003465,2012.1921822031,821.77257745277,0.76897896215538,128930.6044848,1964.801196093,918.88525390776,0.97376548032826,317189.65949079,2012.3604640523,821.42773759775,0.004565888195112,121212.64593653,1964.6963959996,919.10000819763,0.13531091915107,128174.97642341,64437.652920627,1964.7585449365,918.97265381861,0.97376554868009,405373.87878034,985.36863941971,328.84604102904,0.1838691969033,70976.59153073,985.37691574811,328.82908980895,0.22108348317817
5.4843418860808,1479960.7311743,1510381.3467941,326.05616616985,328.84606526637,798.36556887991,896.86692323073,929.02272101429,303.1506117132,311.49162732156,173.15512019227,-44268.191624878,138559.24841973,182827.44004461,5,1737185919.1313,67662485.416763,-1304877899.8944,-274453712.23805,100.9408401193,896.82134249145,-657.5717250487,-138.30642776385,821.4277371645,314232.93915348,0.087423550855646,100.9407685839,-4.8437844434871e-17,901.38540040033,772.86059983031,28.331933992177,0.96471886161154,933.53483800209,136656.80192337,0.11399732246539,1513703.5640442,919.10016956532,295442457.40929,1534205.2475554,-129.4897374315,70974.798750488,985.3774049035,328.82808794191,0.2210834780051,293098.38582801,1964.8017147101,918.88419116787,1.254521638328,273744.59865571,2018.1037267373,809.65875668595,1.2187222718202,490072.92786715,986.7078346493,326.05346122279,0.1312325984922,99983.365233499,986.69662508811,326.07727782172,0.18362420075039,101402.31178888,1.1331843593091,311.49163343699,2.5869278813513,138392.07493899,2012.3686031814,821.4110590545,0.94596211616307,138625.80013355,2012.2075522372,821.74108148118,0.94596234947615,-3104984.9140467,2011.5199993248,823.15000138356,-3.8869181896187e-318,182232.56725376,2012.2149352896,821.72595227532,0.7689356596919,146804.16828351,2012.1921810338,821.7725798488,0.76895557287746,128931.15138436,1964.8011966504,918.88525276549,0.97373628274251,317193.2568266,2012.3604648892,821.42773588271,0.0045660236195016,121212.63472055,1964.6963172521,919.10016956532,0.13533236004575,128175.18796764,64437.652920627,1964.7585350088,918.97267416237,0.97373635156971,405373.88115197,985.36862774377,328.84606494319,0.18386919234998,70976.591099361,985.37691550477,328.82909030734,0.22108347829746
6.905427357601,1479534.1000454,1510413.8400277,326.05628128066,328.84623348634,798.37088253883,899.1125806754,931.64290400283,303.15108206745,311.51321503212,173.18686621271,-36883.748599168,138558.19718418,175441.94578335,5,1583576269.2108,61925558.096727,-1187264407.2365,-249749406.64287,91.289225958043,815.45434785831,-598.30439796947,-125.8575322177,821.42491533782,306965.12064097,0.07954579954952,91.289117979473,5.7936243415695e-16,820.55814637877,704.38635223286,25.928834301532,1.2721090678143,933.6886530405,136658.8776014,0.10391725213384,1513733.8328418,919.20790630899,287373357.78057,1533704.1895453,-129.49012656088,70974.800282495,985.37732829915,328.82824483964,0.22108415756685,281747.40771907,1964.8016933887,918.88423485929,1.1420589820071,266800.54819166,2020.144918462,805.47598675827,1.108140393101,490072.90004927,986.7077623561,326.05361482185,0.13123300114352,99983.365615007,986.69651980633,326.07750151057,0.18362477185923,101402.30864854,1.1331059297035,311.51319379187,2.5873707350083,131191.06436303,2012.7668421867,820.594995519,0.86013720544594,131383.00030184,2012.3502343297,821.44870014401,0.860137893754,-3104984.9140467,2011.5199993248,823.15000138356,7.5412302731754e-318,174950.1117067,2012.2435157967,821.66738566258,0.69917218544591,139511.08912337,2012.3000725108,821.55149075653,0.69919043457064,117651.51534594,1964.7992257676,918.88929145981,0.88644486660299,309925.44201736,2012.3618421134,821.42491370196,0.0041294818899913,121215.11590125,1964.6437417212,919.20790630899,0.12325520520041,117029.43350409,53013.586289672,1964.7185063134,919.05470017739,0.88644502296254,405373.85671133,985.36854538218,328.84623363267,0.18386975399593,70976.590968968,985.37683186445,328.82926161584,0.22108415672529
6.905427357601,1479445.5247811,1510358.3463554,326.05626133482,328.84610967181,798.37088406884,898.97564575796,931.06713039579,303.15083114994,311.51327932575,173.16805260749,-36878.074167957,138558.22113501,175436.29530297,5,1582913727.0056,61902384.826006,-1187367504.4159,-249767596.26518,91.283299455407,815.5095589392,-598.35635881208,-125.86669998519,821.4249063615,306958.84369785,0.07955251406814,91.283191466691,1.1875927264572e-16,820.61301349068,704.09292969742,25.919141787608,0.90714775298047,933.68698502556,136658.91317874,0.10387408091397,1513734.4509604,919.20740516682,277843230.70427,1533702.787527,-129.49002695308,70974.800609553,985.3773281527,328.82824513959,0.2210839892455,281745.71736862,1964.8016988572,918.88422365321,1.1421351983482,266795.72589438,2020.1445422999,805.47675758215,1.1082154064992,490072.90119895,986.70776213808,326.05361528507,0.13123290360587,99983.365992211,986.69653464996,326.07746997277,0.18362463168063,101402.30931598,1.1331056148113,311.51328036197,2.5870905865812,131185.66770931,2012.7668753562,820.59492754867,0.8601954286957,131377.43409437,2012.350252566,821.44866277455,0.86019611717729,-3104984.9140467,2011.5199993248,823.15000138356,7.7784707149954e-318,174944.39400283,2012.2435149523,821.66738739287,0.69921951261953,139505.52365339,2012.3000850102,821.55146514299,0.69923776215597,117650.6101906,1964.7992193192,918.88930467386,0.88650402792952,309919.16215842,2012.36184553,821.42490670082,0.0041292141068104,121215.1494993,1964.6439862786,919.20740516682,0.12320882790603,117029.0754054,53013.586289672,1964.7185521765,919.05460619563,0.88650418648594,405373.85477188,985.3686061755,328.8461091184,0.18386961773425,70976.593237337,985.3768335418,328.82925818037,0.22108398955253
6.905427357601,1479401.5868041,1510370.6286308,326.05624961557,328.84611571647,798.37088239294,899.06052653765,931.42416632775,303.15111214744,311.51327154363,173.16715671893,-36881.630357225,138558.20530687,175439.83566409,5,1583322926.9825,61916794.739125,-1187302626.9346,-249756581.65482,91.287005694335,815.47500772179,-598.3236587575,-125.86114807165,821.42491460405,306962.76620114,0.079548312427441,91.286897622481,7.8557112100048e-17,820.57867795344,704.27421556015,25.9251689652,1.133139967192,933.68794748955,136658.89085262,0.10390075702766,1513734.1522394,919.20770978138,283751895.4374,1533703.8403046,-129.49027012808,70974.802523543,985.37732885659,328.82824369791,0.22108440345817,281746.77251184,1964.8017039381,918.8842132416,1.1420874873459,266798.74591855,2020.1447556831,805.47632032162,1.1081684621625,490072.89320957,986.70776212011,326.05361532323,0.13123314946293,99983.365616557,986.69652250479,326.07749577725,0.18362497701446,101402.31068754,1.1331056566325,311.5132688645,2.5870781566031,131189.04417924,2012.7668405409,820.59499889167,0.86015899123573,131380.91873339,2012.3502375807,821.44869348216,0.86015967910167,-3104984.9140467,2011.5199993248,823.15000138356,-8.5100831233571e-319,174947.97571331,2012.2435109507,821.66739559278,0.69918989436737,139509.00695664,2012.3000842796,821.55146664017,0.69920814694316,117651.17535,1964.799218674,918.88930599585,0.88646699723923,309923.08415436,2012.3618423098,821.4249132995,0.0041293812422966,121215.12790086,1964.6438376267,919.20770978138,0.12323749470904,117029.29912044,53013.586289672,1964.7185264856,919.05465884103,0.88646715615498,405373.86226409,985.36860256739,328.84611650837,0.18386996158673,70976.595563396,985.37683413648,328.82925696238,0.2210844034542
8.6817841970013,1479596.9137459,1509987.0849681,326.05613891463,328.84523238387,798.38024904945,902.18774349188,935.01731492527,303.14672347042,311.51895089896,173.097220829,-27744.492524089,138556.82743579,166301.31995988,5,1378789684.28,54608791.242952,-1031138238.2539,-216965516.15748,79.288283435085,708.25950497495,-519.62986970764,-109.33719525606,821.42024675389,298169.27375252,0.069089010820091,79.288132751729,1.7392650362657e-16,713.89580163566,613.05200234031,22.864134841023,1.545791741899,934.00930333981,136661.13863618,0.090493798387964,1513797.5283639,919.34911858697,272664084.79939,1530368.8426156,-129.49180069359,70974.831188764,985.37723904083,328.8284276547,0.22108701640378,268172.53147193,1964.8015893726,918.88444800693,0.99364000413614,257793.57127894,2022.6364839695,800.37031973468,0.96245733128426,490072.79461141,986.70766818477,326.05381490469,0.13123469520168,99983.351087503,986.6971114127,326.07624454329,0.18362717399481,101402.29734068,1.1330849986704,311.51894825246,2.5860358472486,122122.94179801,2013.5456836282,818.99900895854,0.74706733479842,122339.52748908,2012.7101771621,820.71111237268,0.74706888888289,-3104984.9140467,2011.5199993248,823.15000138356,-5.7182930579469e-317,165930.28349794,2012.3414563384,821.46668783123,0.6072634599133,130421.64478595,2012.5900275786,820.95732053562,0.6072787543586,103849.98543846,1964.7927744982,918.90251127428,0.77124484121587,301129.60770413,2012.3641112595,821.42026381242,0.0035866787232012,121217.95592821,1964.5748301296,919.34911858697,0.10729707343929,103149.81957897,38733.503000979,1964.6648373771,919.16467750595,0.77124510197147,405373.87304893,985.3690347361,328.84523135899,0.1838721528577,70976.642961536,985.37671966087,328.82949142639,0.22108702919565
8.6817841970013,1479835.3670819,1510372.4750598,326.05641956471,328.84627655592,798.38025165683,901.95517362944,934.14143083051,303.15143293833,311.51822561258,173.24780663879,-27739.067465428,138556.85401304,166295.92147847,5,1377874967.0942,54576770.762912,-1031274584.8245,-216983013.47225,79.281478032018,708.3302732469,-519.69857089252,-109.34601091587,821.42026105833,298163.14075636,0.069097525912812,79.281327960891,1.678823895669e-16,713.96621515619,612.64779438453,22.850751892823,1.0492936608948,934.00559271404,136661.1912213,0.090434292663651,1513796.1245355,919.34814528693,260545193.50423,1530366.3481644,-129.4908616836,70974.801455089,985.37723438303,328.8284371946,0.22108543316411,268170.73279377,1964.8016342688,918.88435600656,0.99373782456879,257788.96104597,2022.6359966258,800.37131838981,0.96255346642631,490072.85989981,986.70767354822,326.05380350913,0.13123376357086,99983.363544876,986.69648279612,326.07758014498,0.1836258343902,101402.30665379,1.133087546384,311.51824781139,2.5882726515082,122117.78094468,2013.5456713648,818.99903408856,0.74714199627564,122334.18584538,2012.7102242562,820.71101586842,0.74714351515906,-3104984.9140467,2011.5199993248,823.15000138356,3.5231920018068e-318,165924.80671728,2012.3414641294,821.46667186591,0.60732411453433,130416.31281917,2012.590080338,820.95721242213,0.60733936422685,103849.0215627,1964.7927738086,918.9025126872,0.77132076958035,301123.46078927,2012.364113793,821.420258621,0.0035863706443955,121218.00680383,1964.5753051,919.34814528693,0.10723338288977,103149.44381301,38733.503000979,1964.6649446866,919.16445760933,0.77132103823727,405373.83175395,985.36852366875,328.84627810517,0.18387081932313,70976.595776104,985.37673775682,328.82945436306,0.22108543320619
8.6817841970013,1479895.1094874,1510544.4463417,326.05612795339,328.84630526856,798.38024934212,902.10311373874,934.69863226405,303.15051144791,311.51814969014,173.23512139563,-27742.625636329,138556.82133387,166299.4469702,5,1378453832.5796,54597271.235208,-1031191220.5256,-216966342.11713,79.285821031617,708.2841978291,-519.65656529804,-109.33761060573,821.4202533868,298167.08246215,0.069091988937762,79.285671535874,-4.3773651242622e-17,713.92030806035,612.90373796862,22.859323064211,1.3650539198311,934.00777443322,136661.14996622,0.090471980594121,1513795.8152545,919.34874919813,268251499.81698,1530368.1013122,-129.49075622601,70974.800455863,985.37722808091,328.82845010233,0.22108525483299,268171.86824674,1964.8016650858,918.88429285686,0.99367408142019,257791.92175916,2022.6362844945,800.37072849491,0.96249086305615,490072.87680694,986.70767220223,326.05380636892,0.13123365705152,99983.364676611,986.69649336327,326.0775576933,0.18362568655236,101402.30600302,1.1330879167436,311.51814598894,2.588083055433,122121.14012894,2013.5455909289,818.99919891609,0.74709340569617,122337.65695909,2012.7101783702,820.71110989705,0.74709492818476,-3104984.9140467,2011.5199993248,823.15000138356,-8.1165499551317e-318,165928.3732322,2012.3414574043,821.46668564701,0.60728460613461,130419.77893986,2012.5900512875,820.95727195188,0.60729986118731,103849.62706057,1964.7927725436,918.90251527941,0.77127128532232,301127.40412077,2012.3641155005,821.42025512197,0.003586566997466,121217.96646988,1964.5750103913,919.34874919813,0.10727373272501,103149.68295163,38733.503000979,1964.6648795279,919.16459113142,0.77127155991746,405373.83422117,985.36851039449,328.84630529295,0.1838706713175,70976.593594291,985.37672571116,328.82947903445,0.22108525451472
8.6817841970013,1479887.9645929,1510368.5885524,326.0563671475,328.84622175139,798.38025085949,902.00610365993,934.3333260693,303.15067580303,311.51816212337,173.23772015031,-27740.245224248,138556.84344443,166297.08866868,5,1378075490.3097,54583938.195772,-1031248680.1527,-216976039.94129,79.282906175583,708.31516241023,-519.68552877753,-109.34249926239,821.4202417172,298164.45353961,0.069095707236782,79.282755916822,-2.2880712101496e-17,713.95113663722,612.73643383317,22.853748280017,1.1577727351456,934.00635702187,136661.1760413,0.090447349674722,1513796.0665791,919.34835814293,263199017.22374,1530366.9691643,-129.49054945087,70974.798270559,985.37723408666,328.82843780162,0.2210849019062,268171.10567301,1964.801638858,918.88434660248,0.99371688355725,257789.94240432,2022.6360856621,800.37113593836,0.96253291149727,490072.85804703,986.70767246278,326.05380581532,0.13123344993841,99983.365752718,986.69646396948,326.07762014535,0.18362539025789,101402.30440864,1.1330878721857,311.51815823917,2.5881219876819,122118.89382339,2013.5456368826,818.99910474887,0.7471260452762,122335.33322937,2012.7101969885,820.71107174498,0.74712755508236,-3104984.9140467,2011.5199993248,823.15000138356,1.7424756604094e-318,165925.98566915,2012.3414654012,821.46666925987,0.60731114588162,130417.46066965,2012.5900624435,820.95724909109,0.60732639008522,103849.22050615,1964.7927737939,918.90251271746,0.77130451633005,301124.77355369,2012.3641209802,821.42024389295,0.0035864358748777,121217.99207708,1964.5752012263,919.34835814293,0.10724735056816,103149.52160657,38733.503000979,1964.6649170916,919.16451415662,0.7713047996021,405373.82000732,985.36855083845,328.84622245736,0.18387037716356,70976.589387675,985.37673703927,328.8294558327,0.22108490211444
10,1480506.8568031,1510433.3637684,326.05668920422,328.84666417184,798.38826681851,904.36079013114,937.03698252825,303.15068834304,311.51823215379,173.32557713266,-22701.261779397,138555.70570693,161256.96748633,5,1248089809.63,50671930.277854,-932465333.20876,-196241159.37772,71.312943360998,640.1189118165,-469.90714557205,-98.893888880142,821.41620080105,293203.57816476,0.062480000076053,71.312766171894,1.8257679256673e-15,645.93002512725,554.72423223011,21.214981101958,1.5872740967884,934.31795898209,136661.95863069,0.081966975064864,1513849.6920465,919.46571248273,258753673.77677,1526306.5084978,-129.49092654037,70974.804699862,985.37716246502,328.82858449398,0.22108556146484,261625.7935452,1964.8015609218,918.8845063078,0.89906726318825,253076.83854104,2024.3253002931,796.90963054686,0.86984962825904,490072.8385532,986.70760586086,326.05394732231,0.13123384059737,99983.365290484,986.69644541046,326.07765957711,0.18362593703514,101402.30421758,1.133087538304,311.51825003281,2.5894285602551,117199.13446822,2014.2377729658,817.58079310281,0.67519093671212,117385.72523953,2013.0707053841,819.97232503253,0.67519310102851,-3104984.9140467,2011.5199993248,823.15000138356,9.2079750573245e-317,160953.86842594,2012.4542903955,821.23547050106,0.54883929435477,125435.63138831,2012.8888469066,820.3449858471,0.54885218241828,97359.691151924,1964.7856397143,918.91713173291,0.69783926253541,296163.89769986,2012.3660947323,821.41619931908,0.0032259552149873,121219.39588653,1964.5179323084,919.46571248273,0.097105485544444,96755.237533887,32155.888888889,1964.6237222137,919.24892988992,0.69783962864144,405373.81141897,985.36833497821,328.84666457303,0.1838709259703,70976.598245703,985.37666822418,328.82959677682,0.22108556193104
10,1480371.127973,1510516.037176,326.05650905804,328.8466352653,798.38826849758,904.25123594801,936.49780078807,303.15096149793,311.51818817906,173.30407620024,-22697.265392543,138555.72637664,161252.99176918,5,1247527909.7988,50652398.593697,-932555407.79343,-196260490.7094,71.308054648603,640.16912881783,-469.95253022275,-98.90362912578,821.4162140676,293199.03054076,0.062486055476208,71.307876840329,8.811855676788e-16,645.98001072832,554.47483793223,21.206809060327,1.2740573004521,934.3172699751,136661.9827253,0.081930309512392,1513847.9975018,919.46536065168,249690779.66664,1526305.0359914,-129.49096020999,70974.801228999,985.37715991732,328.82858971206,0.22108562138433,261624.21446889,1964.8015778606,918.88447159716,0.89913677092597,253073.6983038,2024.3250571081,796.91012887682,0.86991788719268,490072.82215972,986.7076045459,326.05395011617,0.13123387730614,99983.365807544,986.6963925362,326.07777191737,0.18362598681798,101402.29941297,1.1330879780486,311.51812913447,2.5891182552103,117195.41792207,2014.2378612605,817.58061217108,0.67524392605377,117381.84067223,2013.0707508646,819.97223183477,0.67524609407968,-3104984.9140467,2011.5199993248,823.15000138356,8.1767138110227e-317,160949.8410364,2012.4543206733,821.23540845636,0.54888236234381,125431.74451249,2012.8888680507,820.34494251914,0.54889525043287,97358.86230873,1964.7856294114,918.91715284546,0.69789320635345,296159.3515698,2012.3660881938,821.4162127177,0.0032257334679724,121219.42014945,1964.518104002,919.46536065168,0.097066100670642,96754.934680256,32155.888888889,1964.623737074,919.24889943848,0.69789355370089,405373.79373397,985.3683499181,328.84663397379,0.18387097833278,70976.592586383,985.37666975222,328.82959364716,0.22108561847561
10,1480354.7748493,1510455.3362589,326.0565527812,328.84656874956,798.38826813359,904.30727203798,936.7737565252,303.15070957082,311.51837056915,173.30417713058,-22699.321254199,138555.71455721,161255.03581141,5,1247814612.2197,50662373.868247,-932509381.29831,-196250197.7927,71.31057155172,640.14329669875,-469.92934512344,-98.89844411074,821.41619742674,293201.37003316,0.062482938906326,71.310394084904,-2.505795991933e-17,645.95428799622,554.60208385743,21.210983179468,1.434110378122,934.31761995351,136661.97078426,0.081949017801507,1513848.8697085,919.46554184741,254328367.40137,1526305.7100126,-129.4907802624,70974.804457134,985.37716251333,328.82858439502,0.22108531284473,261625.02304913,1964.8015573215,918.88451368536,0.89910099930423,253075.31017064,2024.3251907419,796.90985503701,0.86988274787888,490072.84128467,986.70760515172,326.05394882901,0.13123369177414,99983.365315388,986.69646541034,326.07761708401,0.18362573074236,101402.30337367,1.133087099639,311.51837063444,2.5891105547967,117197.32872026,2014.2378108032,817.58071556714,0.67521664931509,117383.83867935,2013.0707241443,819.97228658947,0.67521881477504,-3104984.9140467,2011.5199993248,823.15000138356,-4.5940595265419e-318,160951.9127302,2012.4543006416,821.23544950498,0.54886019750363,125433.74380786,2012.8888478122,820.3449839913,0.54887308236021,97359.28641234,1964.7856413235,918.91712843541,0.69786543819207,296161.68881665,2012.3660955077,821.41619773013,0.0032258480611471,121219.4069878,1964.5180155785,919.46554184741,0.097086199657355,96755.090314877,32155.888888889,1964.6237303456,919.24891322622,0.69786580766085,405373.80042254,985.3683817141,328.84656885059,0.1838707181238,70976.597142475,985.37666548054,328.82960239623,0.2210853126445
