time,AIR-pickup,RCCS-EnergyBalance,RCCS-InletTemp,RCCS-OutletTemp,RV-surface,T_core,Ts_core,air_T_in,air_T_out,air_flow,diode:VC:DP,diode:VC:P1,diode:VC:P2,efr_OutAns,efr_dfCht,efr_inltAns,efr_inltCht,imfr_CtrlRd,imfr_DCPipe,imfr_inltAns,imfr_inltCht,omfr_CtrlRd,omfr_DiodePipe,omfr_ExtPipe,omfr_OutAns,omfr_dfCht,omfr_uhPipe,rccs_Qwall,rho_up,vessel_Qwall,water_flow,HX-J:pressure,HX-J:rho,HX-J:temperature,HX-J:velocity,IHX_inlet:pressure,IHX_inlet:rho,IHX_inlet:temperature,IHX_inlet:velocity,IHX_outlet:pressure,IHX_outlet:rho,IHX_outlet:temperature,IHX_outlet:velocity,RCCS-inlet:pressure,RCCS-inlet:rho,RCCS-inlet:temperature,RCCS-inlet:velocity,Tank-branch:pressure,Tank-branch:rho,Tank-branch:temperature,Tank-branch:velocity,chimney-J:pressure,chimney-J:rho,chimney-J:temperature,chimney-J:velocity,cold_leg_chain:0:junction:pressure,cold_leg_chain:0:junction:rho,cold_leg_chain:0:junction:temperature,cold_leg_chain:0:junction:velocity,cold_leg_chain:1:junction:pressure,cold_leg_chain:1:junction:rho,cold_leg_chain:1:junction:temperature,cold_leg_chain:1:junction:velocity,diode:pressure,diode:rho,diode:temperature,diode:velocity,downcomer_branch:pressure,downcomer_branch:rho,downcomer_branch:temperature,downcomer_branch:velocity,downcomer_top_jun:pressure,downcomer_top_jun:rho,downcomer_top_jun:temperature,downcomer_top_jun:velocity,hot_leg_jun:pressure,hot_leg_jun:rho,hot_leg_jun:temperature,hot_leg_jun:velocity,inlet_plenum:pressure,inlet_plenum:rho,inlet_plenum:temperature,inlet_plenum:velocity,outlet_plenum:pressure,outlet_plenum:rho,outlet_plenum:temperature,outlet_plenum:velocity,pump:pressure,pump:pump_head,pump:rho,pump:temperature,pump:velocity,riser-chain:0:junction:pressure,riser-chain:0:junction:rho,riser-chain:0:junction:temperature,riser-chain:0:junction:velocity,riser-chain:1:junction:pressure,riser-chain:1:junction:rho,riser-chain:1:junction:temperature,riser-chain:1:junction:velocity
0,0,0,325.5,325.5,823.15,823.15,823.15,307,307,163.01021002292,0,0,0,13571.703002915,785.39947933534,-14954.006086545,-3141.5979173414,4.2718984832751e-05,0.0011659249558643,-0.0075200579809132,-0.0015798441136372,4.2718984832751e-05,0.00010148508885032,0.00094775917110044,0.0068249265709129,0.00039496102840931,0.0068249265709129,0,823.15,3.628544794249e-10,-116.76972865337,70973.16310395,986.96739932476,328.70098036763,0.22067226926104,367531.95379574,2011.52,918.88381057779,1.84350323808,325558.1035953,2011.52,821.84152342232,1.8001159458173,490096.50704624,988.1151896544,325.9287568966,0.1309884544541,99983.425960085,988.1151896544,325.96046101934,0.18328457120214,101402.30777652,1.1368033721947,311.47698639014,2.5871829428245,189290.53882361,2011.52,821.84152122299,1.3972163989569,189168.15868464,2011.52,821.84152061491,1.3972163989564,-3104984.9140467,2011.52,823.15000138356,-1.1630305303103e-320,232504.14658857,2011.52,821.7461420276,1.1357455029981,197592.47027981,2011.52,821.84152047987,1.1357717745515,205560.70596065,2011.52,918.88381906736,1.430892805405,365689.55983964,2011.52,821.4311816357,0.0066128362701577,121193.14919446,2011.52,918.88382828327,0.19870423169595,205929.49889101,144000,2011.52,918.88382602973,1.4308928054232,405392.6387335,958.372729,328.72481252655,0.18352720201658,70974.950303023,958.372729,328.70231249491,0.22067226933373
0.01,1472138.9491203,1509748.4677452,325.93117778051,328.72491766132,798.37418493442,892.59472863494,923.02774367509,303.15075759749,311.47678673235,173.19766610332,-97984.207632905,138566.12067688,236550.32830978,2546445324.3921,104960496.27934,-1931246389.1171,-406106096.2234,146.27372224309,1324.1390725977,-973.21572902817,-204.64962043478,146.27372307522,6.9223248165451e-16,1324.1484099199,1134.6205364582,43.954381996883,0.7766230707804,1513827.8930199,918.88408390047,1522474.4433303,-129.25702519095,70973.166207759,985.43940871024,328.70098249109,0.22067227309959,368624.87782104,1964.8018986309,918.88381428091,1.842812262424,327159.64564964,2012.1578675539,821.8428943567,1.7994283179147,490096.51673264,986.76648810272,325.92875798039,0.1309884553534,99983.425940016,986.75158683435,325.96046230117,0.18328457300862,101402.30490473,1.1332372165299,311.47710463243,2.5871831528394,191633.06178602,2012.1585375688,821.84152137536,1.3966827362041,191725.52516268,2012.1585376968,821.84152111306,1.3966827470293,-3104984.9140467,2011.5199993248,823.15000138356,6.4358784485575e-317,235253.5263444,2012.2050592135,821.74619013632,1.1353117168923,200184.3325223,2012.1585360234,821.84152454215,1.1353379718409,205756.59451563,1964.8018967386,918.88381815867,1.4303564712558,369025.07999439,2012.3587826193,821.43118315713,0.0066164923380474,121197.76974826,1964.8017670566,918.88408390047,0.19873478835511,205445.96493361,144000,1964.8018944297,918.88382289003,1.430356460206,405392.63047006,985.42773776315,328.72491606402,0.18352720298276,70974.952637516,985.43875911939,328.70231460491,0.22067227363107
0.0225,1472123.8930038,1509776.5027945,325.93123841108,328.7250404031,798.37417152033,892.5978106159,923.05498088183,303.15064736978,311.4767873715,173.20012578062,-96149.223554972,138561.82212256,234711.04567753,2545774068.6069,105038012.05357,-1930719453.189,-405993821.68599,146.30637360986,1323.8494044597,-972.95020696895,-204.59304545,146.30637707836,9.4795655090482e-13,1323.8645060894,1134.3327952462,43.986846441839,0.83428919067614,1513825.7902724,918.88444392908,1522447.6055491,-129.25706706011,70973.169119261,985.43940221617,328.70099580846,0.2206723507017,367653.90397061,1964.8018955646,918.88382056429,1.8424172884892,325943.70006566,2012.1571927174,821.8442772185,1.7990349910369,490096.41537524,986.76647776016,325.92877998547,0.13098846201237,99983.411276349,986.75159778979,325.96043899209,0.18328463106957,101402.35085588,1.1332323332517,311.47844683677,2.5872457229174,190014.78951777,2012.1585057463,821.84158658542,1.3963777416575,189990.79996933,2012.1584279904,821.84174592128,1.3963775101001,-3104984.9140467,2011.5199993248,823.15000138356,-1.1022884693939e-316,233414.77091117,2012.2050291095,821.74625182471,1.1350636227715,198430.44798729,2012.1585749472,821.84144478034,1.1350897902605,205270.99989827,1964.8018983339,918.88381488957,1.430049870543,366870.06576225,2012.3587812664,821.43118592954,0.006617973719792,121193.43388859,1964.8015913626,918.88444392908,0.19870136118259,205328.97378763,144000,1964.8018789016,918.88385470976,1.4300499753493,405392.84539987,985.42767954446,328.7250354529,0.18352724088397,70974.956996543,985.43876076309,328.70231123419,0.22067236533171
0.038125,1472171.4235479,1509815.4588173,325.93131660345,328.72518706163,798.37406842557,892.60166000746,923.06803104543,303.15076707308,311.47688258178,173.20084549716,-95932.976425351,138561.50463221,234494.48105756,2545485726.7682,104596036.84254,-1930169696.3491,-405876667.20518,146.3358284949,1323.5430281327,-972.67314264389,-204.53400245742,146.33583089106,4.9630807282525e-15,1323.5630979175,1134.1959697576,43.801761620745,0.84072554775047,1513825.9015615,918.88480837002,1522407.3207591,-129.25707132476,70973.164727925,985.43940264183,328.70099493556,0.22067235380664,367533.66906508,1964.8018948313,918.88382206701,1.8419980410828,325807.0384586,2012.1566104557,821.84547037773,1.7986183368834,490096.50599827,986.76647735211,325.92878085366,0.13098850512668,99983.427060734,986.75158194515,325.96047270356,0.18328463836541,101402.30621027,1.1332381163149,311.47685732128,2.5872240535316,189827.30962528,2012.1585374113,821.84152169825,1.3960540317352,189788.42278521,2012.1585338141,821.84152906956,1.3960540581289,-3104984.9140467,2011.5199993248,823.15000138356,-4.5254486303039e-318,233198.85004089,2012.2050243784,821.74626151964,1.1348006847308,198225.35520023,2012.1585214387,821.84155442888,1.1348269509582,205211.63240439,1964.8018894622,918.88383306935,1.4297244753673,366613.80464511,2012.3587818012,821.43118483363,0.0066193035629264,121193.18677124,1964.8014135154,918.88480837002,0.19865755881892,205316.12227785,144000,1964.8018950936,918.88382152955,1.4297244781691,405392.6507576,985.4276065901,328.72518506017,0.18352727207226,70974.950231744,985.43875872219,328.70231541947,0.22067234922676
0.05765625,1472508.6938708,1509845.1925268,325.93141195589,328.72534551998,798.37379435923,892.60631750315,923.07791780869,303.16069296035,311.47788879055,173.19479521527,-95847.265329305,138561.43979951,234408.70512882,2545142709.2343,104095061.702,-1929551347.7721,-405742560.32482,146.36584204475,1323.1932103548,-972.36153555587,-204.46642140585,146.36583032386,-5.6835227193943e-12,1323.2184840216,1134.027931099,43.591971476024,0.83665626954407,1513828.5949751,918.88527195015,1522359.2827977,-129.25706071581,70973.177374421,985.43940359004,328.70099299108,0.22067235213043,367480.52593363,1964.8018830036,918.88384630401,1.8415158668915,325758.46817674,2012.1562160508,821.84627858441,1.7981386402188,490096.58916401,986.76647066999,325.92879507071,0.13098849909933,99983.434737138,986.75157373728,325.96049016682,0.1832846645571,101402.28638052,1.1332356977491,311.47752207907,2.5872220215624,189755.62514236,2012.1574179847,821.84381560508,1.3956787530657,189709.93522077,2012.1563324705,821.84604001944,1.3956856520086,-3104984.9140467,2011.5199993248,823.15000138356,5.7751657449447e-316,233113.69213802,2012.2052373955,821.74582500916,1.1345086211881,198145.33720241,2012.1565102911,821.84567563307,1.1345330789359,205185.32136477,1964.8029857465,918.88158658503,1.4293432179944,366509.79215432,2012.3587912,821.43116557381,0.0066206664141191,121193.18202956,1964.8011872883,918.88527195015,0.19860549313207,205311.15768924,144000,1964.8041361869,918.87922912514,1.4293472046644,405392.60277254,985.42752729198,328.72534767657,0.18352727221874,70974.969206269,985.4387556379,328.70232174441,0.22067233815665
0.0820703125,1471790.7117245,1509883.1101264,325.93153178539,328.72553617267,798.37325423434,892.6118588021,923.08815142631,303.15279083458,311.47584602538,173.20195406661,-95766.508266332,138561.42999899,234327.93826532,2544628347.5392,103630113.97222,-1928839193.5317,-405591578.03572,146.39545315105,1322.7885570423,-972.00268710316,-204.39034266785,146.39545415009,9.7566259430856e-16,1322.821747443,1133.7850201359,43.39726701629,0.82311627504246,1513820.689278,918.88582349168,1522312.1371329,-129.25707566394,70973.158382262,985.43939227504,328.70101619471,0.22067236192323,367428.90595269,1964.8019304212,918.88374913688,1.8409667367239,325713.5673459,2012.1565382943,821.84561824939,1.7975932231563,490096.52908694,986.76646891375,325.92879880732,0.13098851337497,99983.425415062,986.75157358395,325.96049049306,0.18328464697265,101402.30858798,1.1332417090114,311.47586985161,2.5872400846731,189687.04276506,2012.1585282157,821.84154054161,1.395258280095,189634.93238576,2012.158563692,821.84146784429,1.3952582719388,-3104984.9140467,2011.5199993248,823.15000138356,4.9093905021467e-317,233033.78568383,2012.2049472071,821.74641965759,1.1341537770381,198069.11421389,2012.1583954868,821.841812527,1.1341800462996,205161.29166173,1964.8019274974,918.88375512837,1.4289240092954,366415.56678428,2012.3587912506,821.43116547003,0.0066220017729921,121193.16494273,1964.8009181361,918.88582349168,0.19854423207721,205307.72252831,144000,1964.8018732041,918.8838663851,1.4289240112552,405392.64101819,985.42743508168,328.72553677193,0.18352727986768,70974.943695634,985.43874871633,328.70233593844,0.22067236321251
0.112587890625,1472169.7170693,1509921.6963593,325.93166705287,328.7257489378,798.37235618367,892.61833902637,923.09949180566,303.15079114624,311.47720380353,173.20536446923,-95685.701704695,138561.42269632,234247.12440102,2543941425.1671,103226159.3155,-1928052080.522,-405425787.94135,146.42250827865,1322.3354876878,-971.60603672334,-204.30679595568,146.42251212761,-1.917136793184e-15,1322.3762388172,1133.4681669944,43.228105136818,0.80757893216106,1513815.2676757,918.88649560241,1522264.6015495,-129.25707664293,70973.171359452,985.43938977945,328.7010213124,0.22067236364274,367375.93365832,1964.8019294252,918.88375117788,1.8403469839532,325670.47156994,2012.1573776383,821.84389828224,1.796977567725,490096.51938412,986.76646586104,325.92880530236,0.13098851335595,99983.427088292,986.75157348158,325.96049071086,0.18328464805776,101402.3214644,1.1332361217031,311.47740555249,2.5872943219594,189620.56720177,2012.1585348552,821.8415269361,1.3947803815856,189561.59567078,2012.1585569295,821.84148170182,1.394780368327,-3104984.9140467,2011.5199993248,823.15000138356,2.6388658291716e-316,232953.86169803,2012.2049063725,821.746503335,1.1337653810843,197994.23063169,2012.1584935275,821.84161162399,1.13379160035,205135.40915626,1964.8019362781,918.88373713499,1.4284429678633,366316.85246927,2012.3587949603,821.43115786817,0.0066232257425042,121193.19,1964.800590146,918.88649560241,0.19847541945809,205303.49070591,144000,1964.8018852783,918.88384164279,1.4284430267004,405392.63082642,985.42733174914,328.72574867562,0.18352728458078,70974.951812983,985.43874763783,328.70233815012,0.22067236989245
0.15073486328125,1472448.1461222,1509978.2918064,325.93179467898,328.72600143527,798.37103819096,892.62577812259,923.11198447731,303.14983161436,311.4770474414,173.24975438001,-95600.219634755,138561.47140957,234161.69104433,2543117973.3913,102879672.80273,-1927211599.3022,-405248955.45863,146.44381892957,1321.8439407779,-971.18240771239,-204.21766682379,146.44385273407,-2.9035851136809e-12,1321.8850740227,1133.0923652825,43.083011676311,0.80146392134719,1513812.5879101,918.88727168952,1522214.8225655,-129.25668183225,70973.25509997,985.43935423265,328.7010942081,0.22067173806982,367319.60250914,1964.8021584152,918.88328193614,1.8396623673934,325625.37862721,2012.1587945978,821.84099467657,1.7962967151132,490096.96823561,986.76646643853,325.92880407368,0.13098803243391,99983.451531127,986.75153124968,325.96058056452,0.18328407894151,101402.38098803,1.1332158483399,311.48297791946,2.5880979396584,189550.64473081,2012.1573494367,821.84395607243,1.3942436060998,189484.49171216,2012.1546342458,821.84951998811,1.3942526358062,-3104984.9140467,2011.5199993248,823.15000138356,-3.2605312204603e-315,232869.18370026,2012.2025391081,821.75135428673,1.1333645922414,197915.26439715,2012.1539883533,821.85084353831,1.1333767892441,205108.00443001,1964.8029690327,918.88162083459,1.4279029647382,366210.79860612,2012.3587903561,821.43116730302,0.0066241561391041,121193.22039324,1964.8002114155,918.88727168952,0.19840125392959,205299.11616317,144000,1964.8031947403,918.88115831914,1.4279121556912,405392.47805179,985.42722925146,328.72595886727,0.18352680270654,70974.994072997,985.43875247665,328.70232822716,0.22067164584032
0.19841857910156,1472501.3427231,1510021.3291399,325.93197847982,328.72626774644,798.36913567094,892.63405034558,923.12560377653,303.15062492532,311.47714920214,173.24938762971,-95498.931575919,138561.40264167,234060.33421758,2542162367.918,102571179.53281,-1926311358.9192,-405057642.87604,146.45494589386,1321.3049938574,-970.72882800495,-204.12127516298,146.45494527621,-7.1942892694379e-15,1321.361782356,1132.6578119207,42.953827056013,0.76572366982144,1513789.3287591,918.88825091337,1522183.0179064,-129.25665522738,70973.169145702,985.43935275856,328.70109723101,0.22067165469965,367254.31214635,1964.8020017158,918.88360304135,1.8389360237582,325569.92361236,2012.1615862908,821.83527399423,1.7955774972421,490096.48145256,986.76646299144,325.92881140779,0.13098809161556,99983.423628049,986.75154261102,325.96055639186,0.18328401746358,101402.30116518,1.1332399697339,311.47634789948,2.5879280999588,189465.17814253,2012.158447066,821.84170683189,1.393693661161,189390.54025712,2012.1585820852,821.84143015333,1.3936936887407,-3104984.9140467,2011.5199993248,823.15000138356,3.5258087710935e-316,232769.0826803,2012.2047484079,821.74682703298,1.132881981648,197819.78994586,2012.1587552747,821.84107525668,1.1329082376635,205077.10646423,1964.8019286392,918.88375278862,1.427347821784,366093.7808709,2012.3587880583,821.43117201171,0.0066246866256897,121193.22423252,1964.7997335543,918.88825091337,0.19831767121692,205294.41763313,144000,1964.8018847028,918.88384282206,1.4273478043567,405392.60007249,985.42707867567,328.72626765257,0.18352668698093,70974.950222025,985.43875887964,328.70231509657,0.2206716506002
0.25802322387695,1472533.1953604,1509877.6764246,325.93230573699,328.72632635476,798.36670493737,892.64293844742,923.13920446727,303.15029075699,311.47679844525,173.26084153071,-95408.403735748,138561.45844558,233969.86218133,2541241978.7627,102282518.85443,-1925447770.663,-404878413.38126,146.45216674803,1320.7761501767,-970.29362887299,-204.03095371253,146.45218075571,-1.6690075568759e-12,1320.8226428872,1132.2375723766,42.83294807865,0.76252714259197,1513789.1819831,918.88946305511,1522182.7023248,-129.25685908963,70973.060481778,985.43932915513,328.7011456345,0.22067194189489,367193.70249222,1964.8019423828,918.88372462549,1.8381774247118,325522.68958338,2012.1650627759,821.82815004943,1.7948242936938,490096.30777518,986.76644082905,325.92885856105,0.13098817671854,99983.389367607,986.75153037689,325.9605824215,0.18328429220108,101402.28993177,1.1332286234144,311.47946652011,2.5881858278594,189392.40459517,2012.1565891111,821.84551411662,1.3930827047671,189310.35877994,2012.1481794886,821.86274694967,1.3931004073524,-3104984.9140467,2011.5199993248,823.15000138356,-7.3181523713131e-316,232680.09420609,2012.1944201194,821.76799155851,1.1324858925666,197737.66067516,2012.1439054291,821.87150526815,1.1324635645724,205047.07150907,1964.8067772417,918.87381712758,1.4267365519931,365977.92834745,2012.358777575,821.43119349391,0.0066245418041976,121193.28118749,1964.7991420291,918.88946305511,0.19823649151569,205289.27609765,144000,1964.8067887851,918.87379347311,1.4267614187973,405392.90232808,985.42702224145,328.72638338203,0.18352685185777,70974.817307655,985.43871725876,328.70240044837,0.22067186638145
0.33252902984619,1472550.9997724,1509799.4894448,325.93256126456,328.72644253915,798.3638384506,892.65206270694,923.1527208545,303.15072081296,311.47701490484,173.2593328915,-95297.099418623,138561.36976906,233858.46918768,2540301439.1187,101988171.66707,-1924576705.1603,-404693288.95067,146.43005454876,1320.2221597115,-969.85464270777,-203.93765762056,146.43005487328,-3.4283439425723e-15,1320.293501481,1131.809497356,42.709688756021,0.71447931357895,1513748.667933,918.89093834349,1522152.8376975,-129.25679081444,70973.148612316,985.43934943411,328.70110404846,0.22067188896952,367123.58348516,1964.8019128781,918.88378508581,1.8374504574362,325460.44678404,2012.1699582365,821.81811836789,1.7941064012735,490096.49906307,986.76643621142,325.92886838564,0.13098823575245,99983.423395873,986.75159846446,325.96043755665,0.183284192146,101402.30498413,1.133235567591,311.47755785392,2.5881030624622,189297.15811006,2012.1589166648,821.84074453945,1.3925517929922,189205.71959504,2012.1585156803,821.84156622898,1.3925518005637,-3104984.9140467,2011.5199993248,823.15000138356,-1.5987433672919e-316,232569.33222805,2012.2047860223,821.74674995426,1.1319537535543,197631.32956507,2012.1581033926,821.84241108068,1.1319800643015,205014.39253219,1964.8021927062,918.88321166767,1.426194788416,365852.15663112,2012.3587742381,821.43120033173,0.0066235544900957,121193.27925792,1964.7984220884,918.89093834349,0.1981501991913,205284.59087761,144000,1964.8019303002,918.88374938491,1.4261947822594,405392.68203864,985.42699356285,328.72644219314,0.1835268885019,70974.933090467,985.43874635523,328.70234078034,0.22067188899466
0.42566128730774,1472544.3733424,1509694.9717196,325.93281136317,328.72650051038,798.36055371059,892.66087328337,923.16435876801,303.15074939602,311.47686363593,173.25851700242,-95202.51750359,138561.3769329,233763.89443649,2539543059.4389,101677677.26227,-1923844409.62,-404536357.83827,146.38699353856,1319.7311728455,-969.48561764135,-203.85857545241,146.38698657953,-4.8205775135069e-16,1319.8075231822,1131.4755525476,42.579668514847,0.68987318691126,1513722.6795327,918.89266582414,1522151.0440017,-129.2568534204,70973.166310779,985.43934889718,328.70110514954,0.22067199216686,367062.70036018,1964.801893665,918.88382445694,1.8367749735362,325408.90984468,2012.1755503861,821.80665904497,1.7934389746354,490096.45357077,986.76642926951,325.92888315543,0.13098830277685,99983.425921797,986.75160084708,325.96043248732,0.18328427723882,101402.30478642,1.133237131125,311.47712810649,2.5880855438401,189219.01858188,2012.1588504037,821.84088032031,1.3920337672301,189119.83912306,2012.1584766405,821.84164622841,1.3920337886202,-3104984.9140467,2011.5199993248,823.15000138356,7.2973866439986e-317,232475.71816914,2012.2048275897,821.74666477517,1.1315326969456,197543.72495759,2012.1569363897,821.84480248015,1.1315589525631,204984.56762467,1964.8020379651,918.88352876014,1.4256704375125,365734.75813635,2012.3587728502,821.43120317589,0.0066216141192692,121193.31966425,1964.7975790778,918.89266582414,0.1980742216547,205279.64729215,144000,1964.8019181187,918.88377434697,1.4256704464263,405392.65697573,985.42696584546,328.72649903311,0.18352696985673,70974.954863682,985.43873771324,328.70235850244,0.22067198978069
0.54207660913467,1472538.7308696,1509540.1357546,325.93302788499,328.72642861592,798.35718471806,892.66878544148,923.17326445135,303.15074845477,311.47680005764,173.25700627348,-95109.779622058,138561.36130499,233671.14092704,2538969100.8294,101339751.52795,-1923278134.3413,-404414728.34837,146.322961984,1319.3206065996,-969.20025855463,-203.79728354411,146.32295560612,-2.5288140871734e-15,1319.40018833,1131.2645950465,42.438162234413,0.66842801984244,1513696.4545197,918.89433972867,1522164.6115344,-129.25689732243,70973.16610483,985.4393417119,328.70111988436,0.22067206859136,367004.75841139,1964.8018965876,918.88381846813,1.8362088259679,325356.49667517,2012.1822742358,821.79288066437,1.7928809210209,490096.48516083,986.76642134452,325.92890001684,0.13098835067518,99983.425872502,986.75159826007,325.96043799151,0.18328434090907,101402.30595657,1.133238646105,311.47671170556,2.5880562476435,189141.04979391,2012.1586583949,821.84127378084,1.3916006554012,189034.52766497,2012.1584844249,821.84163027692,1.3916006613355,-3104984.9140467,2011.5199993248,823.15000138356,-1.8916582881055e-317,232383.76478894,2012.2050648013,821.74617868583,1.1311805897068,197456.87301661,2012.1564413005,821.8458170071,1.1312068514158,204956.5174406,1964.8018734992,918.88386578032,1.4252310242135,365623.67099784,2012.3587766823,821.43119532306,0.0066187245113261,121193.33463851,1964.7967622124,918.89433972867,0.19801182727689,205274.89022262,144000,1964.8019204128,918.883769646,1.4252310162556,405392.62951335,985.42700035062,328.72642827348,0.18352703622259,70974.95337683,985.43872887173,328.7023766337,0.22067207116189
0.68759576141834,1472534.6358161,1509308.5072981,325.93319097547,328.72615510536,798.3541057006,892.67533897178,923.17856519449,303.15074711944,311.47676898805,173.2556707064,-95026.009854233,138561.35142226,233587.36127649,2538588353.3392,100967650.27518,-1922929796.2435,-404339190.12047,146.24169512181,1319.0258058945,-969.02473497254,-203.75922059709,146.24169189486,2.6938559437875e-16,1319.1068301499,1131.2180545541,42.282346807385,0.64868369796384,1513671.9730928,918.89499510266,1522188.6786895,-129.25694418685,70973.164348855,985.43933537765,328.70113287399,0.2206721509479,366954.27898553,1964.80189635,918.88381895483,1.8358008654515,325307.34595056,2012.1903385112,821.77635550975,1.7924803034511,490096.4845634,986.76641157019,325.92892081296,0.13098840178929,99983.426088697,986.75158545575,325.9604652343,0.18328440899906,101402.3062194,1.1332385030879,311.47675101459,2.5880381195103,189069.87301523,2012.1584536374,821.84169336603,1.3912897014519,188957.02539828,2012.1584868778,821.84162525039,1.3912897028914,-3104984.9140467,2011.5199993248,823.15000138356,1.0704139724722e-317,232300.55788609,2012.205287988,821.74572133605,1.1309278060737,197378.09411646,2012.1569105585,821.84485541286,1.1309540707645,204931.96623966,1964.801790785,918.88403527656,1.4249143672631,365523.87155011,2012.3587834584,821.43118143762,0.0066150506324217,121193.34486595,1964.7964423899,918.89499510266,0.19796931330266,205270.43501903,144000,1964.8019306206,918.88374872826,1.4249143677194,405392.62341331,985.42713354897,328.72615512406,0.18352710368298,70974.951874402,985.43871857703,328.702397745,0.2206721507186
0.86949470177293,1472530.531119,1509013.0781748,325.93326412313,328.72566740479,798.35168918376,892.68032219065,923.17980685573,303.15074764055,311.47676205434,173.25428024034,-94953.538900992,138561.36159854,233514.90049953,2538433492.6283,100557019.42288,-1922834643.4758,-404316343.85579,146.15040420084,1318.8750666782,-968.97680389905,-203.74771172488,146.15040253226,-4.6353607680674e-15,1318.9562107166,1131.3537407874,42.110401150437,0.62478074976728,1513652.5948828,918.8929466909,1522217.9529722,-129.25699726183,70973.164559213,985.43932660104,328.70115087217,0.22067224300065,366913.1605881,1964.8018926912,918.88382645256,1.8355903135655,325262.40954598,2012.1997114008,821.75714876886,1.7922755019486,490096.481719,986.76639936763,325.92894677545,0.13098845973167,99983.425960215,986.75156481308,325.96050915418,0.18328448568705,101402.30636275,1.1332384749084,311.47675875987,2.5880179641273,189007.31311542,2012.1583208852,821.84196539916,1.3911307423728,188889.40739089,2012.1584607778,821.841678734,1.391130747906,-3104984.9140467,2011.5199993248,823.15000138356,1.4490352513749e-317,232228.3914129,2012.2053368232,821.74562126394,1.1307986030406,197309.5272601,2012.1576876135,821.84326308717,1.130824865625,204911.78350546,1964.8017903951,918.88403607567,1.4247509369382,365438.2518514,2012.3587913661,821.43116523346,0.0066109206555311,121193.35344942,1964.7974420148,918.8929466909,0.197950080855,205266.35451835,144000,1964.8018186324,918.88397821223,1.4247509374347,405392.61838062,985.42737137406,328.72566741692,0.18352718059489,70974.951790415,985.43870578905,328.70242396927,0.22067224357212
1.0968683772162,1472522.9417014,1508707.2478669,325.93322430907,328.72504228501,798.35243954082,892.68199909209,923.15979903775,303.15074711892,311.47675325705,173.2522815029,-95121.420390067,138561.39475105,233682.81514112,2540870118.2722,100182025.50116,-1924689593.0042,-404702734.02824,146.11539842323,1319.9695222298,-969.91158855814,-203.94242951273,146.11539733345,6.8892234463747e-16,1320.03164317,1132.6140158964,41.953388750138,0.58038041829152,1513657.7320645,918.88754699093,1522328.8310507,-129.257064241,70973.165179073,985.43931521254,328.70117422652,0.22067236043326,367321.82569146,1964.8018821464,918.88384806068,1.8370845281337,325556.5920377,2012.2072369323,821.7417275977,1.793762730339,490096.47638173,986.76638415221,325.92897914815,0.13098852927025,99983.425965474,986.75154048859,325.96056090759,0.18328458428868,101402.30644078,1.1332385346984,311.47674232626,2.587988367032,189218.61119675,2012.1583105137,821.84198665219,1.3922851253858,189076.5758212,2012.1584333641,821.84173490968,1.3922851254046,-3104984.9140467,2011.5199993248,823.15000138356,3.6826665109715e-318,232394.17032174,2012.2050665557,821.74617509073,1.1317369566225,197493.70476152,2012.1581947594,821.84222385369,1.1317632318463,205423.49109591,1964.8018358459,918.88394293873,1.4259107225508,365535.99548725,2012.3587985641,821.43115048334,0.0066093354421835,121193.30123677,1964.8000770684,918.88754699093,0.19811005899913,205854.56779126,144618.46430977,1964.8013532856,918.8849317918,1.4259107221576,405392.61343234,985.42767621181,328.72504228715,0.18352727772136,70974.952428017,985.43868997447,328.70245640018,0.22067236041331
1.3810854715202,1472516.4403668,1508487.3809704,325.93307612655,328.72446775203,798.35547462325,892.68014045713,923.13846244863,303.15074733703,311.47672029859,173.25049568914,-95154.255733087,138561.42078139,233715.67651448,2543472937.236,99747189.889859,-1926293853.0924,-405035738.6564,146.10886775091,1320.9392069769,-970.72003741518,-204.11024348743,146.10886673224,4.7515359875223e-16,1320.9868925866,1133.671415145,41.771333862292,0.51866389891554,1513680.9576329,918.88315475063,1522395.3646846,-129.25714684246,70973.165586815,985.43930019855,328.70120501565,0.22067250449812,367361.99902469,1964.8018620764,918.88388918764,1.8384119407723,325556.20786786,2012.2123714782,821.73120598733,1.795080398347,490096.46922446,986.7663651298,325.92901962073,0.13098861282824,99983.425955227,986.75151026488,325.96062521233,0.18328470506983,101402.30670873,1.1332385063711,311.47675011217,2.5879630180289,189238.44644373,2012.1583995366,821.84180422831,1.3933078914749,189102.20015135,2012.1584172907,821.84176784684,1.3933078914559,-3104984.9140467,2011.5199993248,823.15000138356,-2.9079271123843e-318,232425.13805738,2012.2045583367,821.7472165231,1.1325683425901,197521.09597596,2012.1583792133,821.8418458744,1.1325946184434,205441.5539383,1964.8018802763,918.88385189291,1.4269410357349,365580.66682766,2012.3588034098,821.43114055379,0.0066090378620754,121193.25774985,1964.8022204817,918.88315475063,0.19824016995756,205854.42038086,144618.46430977,1964.8004821414,918.8867169233,1.4269410361826,405392.60705101,985.427956367,328.72446777383,0.18352739777361,70974.95285659,985.43867011499,328.70249712595,0.22067250463005
1.7363568394003,1472501.8500807,1508448.5869385,325.9328617087,328.72416840262,798.35935501446,892.67474475635,923.11586346877,303.15074750825,311.47668100195,173.24760787965,-95171.412552654,138561.32882421,233732.74137687,2546597514.7074,99254445.162581,-1927666936.2459,-405319658.20352,146.11583379976,1321.7811747845,-971.41198578704,-204.25332128214,146.11583230782,-1.7610750193456e-16,1321.8137750799,1134.4988202489,41.565058770623,0.44542673223249,1513711.1364873,918.89263014672,1522425.8047161,-129.25725001975,70973.166399473,985.43928019995,328.70124602672,0.22067268524834,367390.90135008,1964.8018467274,918.88392064055,1.8395670386374,325548.46819216,2012.2144421197,821.72696286947,1.7962244760503,490096.45993894,986.76634142139,325.92907006335,0.13098871673611,99983.425956755,986.75147608466,325.96069793504,0.18328485755469,101402.30659991,1.1332388237876,311.47666286855,2.5879193297563,189245.6065332,2012.1585037374,821.84159070204,1.3941959174387,189113.64306635,2012.1584079792,821.84178692789,1.3941959170415,-3104984.9140467,2011.5199993248,823.15000138356,2.8804224778803e-318,232440.5574587,2012.2041487144,821.7480559132,1.1332902057685,197533.95259334,2012.1584131814,821.84177626771,1.1333164799833,205454.26727841,1964.8019020216,918.88380733282,1.4278375995261,365605.95792842,2012.358806895,821.43113341198,0.006609351832077,121193.1697436,1964.7975964884,918.89263014672,0.19833485479009,205853.60050098,144618.46430977,1964.7996979872,918.88832379673,1.4278376004446,405392.59989786,985.42810234659,328.72416841395,0.18352754787805,70974.953628319,985.43864523767,328.7025481418,0.22067268531887
2.1804460492503,1472487.61052,1508616.3959401,325.93264210473,328.7242551006,798.36539556798,892.66421358791,923.07931204137,303.15074767833,311.47667111133,173.2448283781,-95316.142805122,138560.97896629,233877.12177141,2551562134.9809,98769691.15121,-1930033386.4972,-405812165.74203,146.17987327644,1323.2859458831,-972.60452529796,-204.50151359194,146.17987107133,2.5658600813161e-15,1323.2838451182,1135.8428486979,41.362186319985,0.36615923710193,1513758.0688574,918.93213169316,1522490.2060644,-129.25737980675,70973.167026423,985.43925360335,328.70130056829,0.22067291282753,367648.364909,1964.8018459864,918.88392215901,1.8416309978916,325713.68076005,2012.2090797165,821.73795140069,1.7982691480531,490096.44812748,986.76631187658,325.92913292364,0.13098884644648,99983.425870861,986.75143663478,325.96078186963,0.18328504864994,101402.30661807,1.1332387525051,311.47668246094,2.5878787381507,189395.44263396,2012.1585844053,821.84142539895,1.3957829719243,189258.90664371,2012.158412993,821.84177665361,1.3957829715433,-3104984.9140467,2011.5199993248,823.15000138356,-5.563584306002e-318,232581.99431759,2012.204109967,821.74813531345,1.134580291632,197679.7560531,2012.1584138007,821.84177499865,1.1346065681333,205733.77671754,1964.801902221,918.88380692414,1.4294396077194,365731.73811807,2012.3588113728,821.43112423609,0.0066122486176478,121192.91907418,1964.7783197337,918.93213169316,0.19851758858014,206147.57646072,144925.76603669,1964.7985493336,918.89067759511,1.4294396079923,405392.59071919,985.42806008057,328.72425508875,0.18352773711739,70974.9543591,985.43861412985,328.7026119345,0.22067291280583
2.7355575615629,1472470.2598381,1508903.9952081,325.93246594435,328.72461347919,798.37091061952,892.65083816914,923.04749462798,303.15074770807,311.4767012306,173.24166198411,-95359.306903633,138560.32596203,233919.63286566,2555280477.0375,98226602.739685,-1931605394.7691,-406138014.08108,146.23946043099,1324.3019531544,-973.39672737913,-204.66572253389,146.2394577861,1.3713066543669e-17,1324.2624523713,1136.78471714,41.135010092818,0.29908873014712,1513801.2611388,919.00707310164,1522509.8519241,-129.25753277367,70973.168346653,985.43921696944,328.70137569333,0.22067318220166,367694.50993289,1964.8018578513,918.88389784571,1.8430272320822,325719.40092754,2012.1976955032,821.76127970666,1.7996496578311,490096.43244204,986.76627497158,325.92921144367,0.13098900112956,99983.425780144,986.75139393789,325.96087271261,0.18328527518572,101402.30642025,1.133238687009,311.47670046287,2.587831705814,189423.57933501,2012.1590446614,821.84048225127,1.3968545060279,189293.48809533,2012.1584843619,821.84163040593,1.3968545055852,-3104984.9140467,2011.5199993248,823.15000138356,-3.5716104350993e-318,232622.51660473,2012.2043733593,821.74759557527,1.1354513247177,197716.25269703,2012.1584508503,821.84169907718,1.1354775986566,205754.95165524,1964.8018913536,918.88382919349,1.4305233382854,365787.64529652,2012.3588187015,821.43110921818,0.0066149443434938,121192.54228653,1964.7417483264,919.00707310164,0.19863743426425,206148.2948833,144925.76603669,1964.7916139667,918.90488941253,1.4305233432673,405392.57822197,985.42788512658,328.72461386632,0.18352796101487,70974.955517419,985.43857464952,328.70269289667,0.2206731822162
3.4294469519536,1472498.2216561,1509186.7313651,325.93235416873,328.72502802313,798.37523037941,892.6367390051,923.01870833174,303.15074760842,311.47673155955,173.24504840506,-95396.533194418,138559.4770223,233956.01021671,2557712124.1999,97655041.736497,-1932810468.4942,-406387326.16752,146.28707551265,1325.0824892677,-974.00401737951,-204.7913619837,146.28707324418,1.0346759520493e-16,1325.0013972088,1137.6437404353,40.896251272584,0.24445239148292,1513835.2580838,919.10457582185,1522520.7484987,-129.2577135951,70973.171203145,985.43916891276,328.701474243,0.22067350216741,367749.01275498,1964.8018779467,918.88385666654,1.8441003002863,325738.63528317,2012.1820911574,821.79325582506,1.8007102519749,490096.41193896,986.76622906677,325.92930911191,0.13098918719445,99983.426092908,986.75135485029,325.9609558764,0.18328553668209,101402.30754196,1.1332385905016,311.47672698846,2.5878820219733,189452.85920569,2012.1613894444,821.83567736794,1.3976777173982,189325.63251398,2012.1589529248,821.84067023609,1.3976777137379,-3104984.9140467,2011.5199993248,823.15000138356,1.2603318186023e-317,232657.3633495,2012.2047074143,821.74691103628,1.136120496223,197749.53253259,2012.1587572722,821.84107116344,1.1361467686947,205798.94899254,1964.8017613657,918.88409556206,1.4313562288928,365828.62757121,2012.3588251757,821.43109595133,0.0066170976395306,121192.07274314,1964.6941669989,919.10457582185,0.19874243506626,206183.15226456,144961.64745043,1964.7688300008,918.95157786722,1.431356238826,405392.56100927,985.4276832938,328.72502776414,0.18352822634202,70974.958138577,985.4385252851,328.70279412813,0.2206735026757
4.296808689942,1472456.3857267,1509407.0867432,325.93230620881,328.72538810969,798.37774281614,892.6232907123,922.99525157506,303.1507483568,311.4768041318,173.23781228235,-95408.951035743,138558.64050702,233967.59154276,2558754622.4242,97060987.767254,-1933547635.1637,-406538944.74599,146.31351043514,1325.5567148342,-974.37547613702,-204.86776257859,146.31350951463,-6.3216076678137e-17,1325.4386077868,1138.343678908,40.649031034844,0.19696943973833,1513854.7455512,919.20042672476,1522519.7975084,-129.25796638992,70973.170686179,985.4391049033,328.70160550699,0.22067394684741,367766.17158807,1964.8019180313,918.88377452611,1.844752716329,325736.24773465,2012.165854195,821.82652828886,1.8013547134343,490096.38941042,986.76617166046,325.92943125104,0.13098944907315,99983.425552779,986.7512960124,325.96108106141,0.18328591361097,101402.3067492,1.133238302922,311.47680603128,2.5877751898057,189458.91513587,2012.1677999207,821.82254114603,1.3981779254486,189334.06203568,2012.1611389774,821.83619062003,1.3981779282158,-3104984.9140467,2011.5199993248,823.15000138356,1.6132414272297e-317,232668.01639816,2012.2052343806,821.74583118737,1.1365271133546,197758.75797554,2012.1603755635,821.83775499276,1.1365533847703,205807.08268616,1964.8004983596,918.8866836893,1.4318626254195,365844.72423233,2012.3588158294,821.4311151037,0.0066182903248149,121191.62013196,1964.6473917583,919.20042672476,0.1988190495381,206183.70428583,144961.64745043,1964.7257781657,919.03979884079,1.4318626352448,405392.54541093,985.42750794,328.72538736161,0.18352859827885,70974.957992761,985.43846357044,328.70292068618,0.22067394865795
5.3810108624275,1472516.3822632,1509552.4416135,325.93231780245,328.72566689543,798.37659255222,892.61218400376,922.98187580269,303.15069998996,311.47682618203,173.24500676992,-95361.782193127,138558.00987516,233919.79206829,2558380673.0918,96439763.224028,-1933474717.8791,-406521292.89564,146.29534229034,1325.4927259275,-974.33863923316,-204.85884799866,146.29534402662,-8.0909225785159e-17,1325.352817831,1138.6205419769,40.392550917524,0.15460851096661,1513846.0372139,919.27282010088,1522486.1927342,-129.25823274593,70973.175652449,985.43902364366,328.70177214587,0.22067442150795,367694.27187635,1964.8018833452,918.88384560416,1.8446664751581,325674.41807161,2012.1547980094,821.84918440691,1.8012678904291,490096.35310141,986.76610052605,325.92958259846,0.1309897312706,99983.425502758,986.75122836646,325.96122498664,0.183286297565,101402.3086972,1.1332378443026,311.47693208541,2.5878796496412,189406.29007746,2012.1768231904,821.8040508394,1.3981105215676,189284.0133754,2012.1668507645,821.8244861383,1.3981105323602,-3104984.9140467,2011.5199993248,823.15000138356,8.8819268097302e-318,232620.33648069,2012.2070900843,821.74202851579,1.1364723238322,197709.09614367,2012.1651568909,821.82795719078,1.1364985882081,205724.353483,1964.7936337233,918.90075056706,1.4317956902956,365804.25027352,2012.3587789178,821.43119074216,0.0066174648853523,121191.29779362,1964.6120637908,919.27282010088,0.19882295732725,206092.74179369,144866.76853922,1964.6724459466,919.14908617493,1.4317957063062,405392.51570941,985.42737197766,328.72566617913,0.18352899186749,70974.961682537,985.43838307145,328.7030857652,0.22067442130788
6.7362635780344,1472426.1807131,1509621.0656208,325.93240234397,328.72586625804,798.37132570702,892.60372321243,922.97424452155,303.15075281501,311.47697285656,173.23021231502,-95306.266795132,138557.67080487,233863.93760001,2557610933.6362,95832063.111868,-1933091530.3867,-406437451.66283,146.25517417599,1325.2170925322,-974.14544562046,-204.81657813053,146.25517841463,9.7272081712087e-18,1325.0691547244,1138.7028806677,40.144411064194,0.1169631650906,1513805.8583135,919.31087030351,1522427.370903,-129.25888243523,70973.177341589,985.43892868667,328.70196687385,0.22067555208449,367618.00181226,1964.801243234,918.88515730742,1.8442890687562,325615.06619991,2012.1505943176,821.85779852949,1.8008933437997,490096.30311715,986.76601065224,325.92977381628,0.1309904073235,99983.425517861,986.75124292847,325.96119400414,0.1832872487095,101402.30889438,1.1332377449737,311.47695938652,2.5876633991764,189349.65580119,2012.1811820312,821.79511878847,1.3978198071642,189228.03923297,2012.1742896826,821.80924245375,1.3978198264889,-3104984.9140467,2011.5199993248,823.15000138356,-1.7887701054903e-317,232565.01836036,2012.2117988206,821.73237946599,1.1362360251775,197653.01866982,2012.1723805598,821.81315459056,1.1362623023083,205645.3378772,1964.7714781384,918.94615135568,1.431502746663,365751.40884374,2012.3587400545,821.43127038021,0.0066156487874804,121191.13563694,1964.5934952919,919.31087030351,0.19879393878899,206011.59208291,144782.64916226,1964.6269491444,919.24231732696,1.4315028145767,405392.51054359,985.42727455389,328.72586596574,0.18352993104312,70974.965337674,985.4382811097,328.70329485782,0.22067555228035
8.430329472543,1473035.8139762,1509642.6825938,325.93252496203,328.72600428633,798.36332926283,892.59811879083,922.9695334544,303.15074410097,311.47653241995,173.3158549961,-95266.280529413,138557.64097659,233823.921506,2557040113.4893,95283371.486745,-1932742809.2069,-406362664.82444,146.21927747999,1324.9687919797,-973.97016642592,-204.77898580347,146.21927450193,-6.7202332852531e-16,1324.8243245741,1138.7619460799,39.920813038388,0.083741994397251,1513736.5986334,919.3142126105,1522359.7327277,-129.26025262728,70973.111425416,985.43882113689,328.70218742584,0.22067791726523,367565.75518179,1964.79660299,918.89466600418,1.843949996865,325576.11050104,2012.1507493214,821.85748089884,1.8005554128732,490096.30511772,986.76591115906,325.92998550051,0.13099182688416,99983.420395454,986.75097624143,325.96176141433,0.18328912986409,101402.30947761,1.1332393009991,311.47653170453,2.5889380337144,189310.47208085,2012.1757450999,821.80626004124,1.3975574660528,189188.64981642,2012.1767768036,821.80414589431,1.3975573663745,-3104984.9140467,2011.5199993248,823.15000138356,2.319005803198e-317,232525.4966162,2012.2177135054,821.72025921034,1.1360226724206,197613.40536764,2012.1761252553,821.80548103414,1.1360489285406,205595.11574716,1964.7275561811,919.03615536664,1.4312395660744,365712.19090586,2012.3589253532,821.43089066963,0.0066140503710421,121191.13166079,1964.5918642461,919.3142126105,0.198764045692,205961.98435036,144731.53620516,1964.6021770303,919.29307985588,1.431239623688,405392.48448614,985.4272085807,328.72600125675,0.18353191184761,70974.900464926,985.43816066119,328.70354186119,0.22067793350112
10.547911840679,1473057.9206845,1509663.3309413,325.93273453817,328.72625045491,798.35712531997,892.59521435369,922.96646355238,303.15074732587,311.47643133674,173.31736834385,-95246.11556984,138557.84784383,233803.96341367,2556754473.1247,94829721.023631,-1932514383.7438,-406315247.34886,146.19852739018,1324.8129989511,-973.85741015458,-204.75558568569,146.19847367548,1.0430209847247e-14,1324.6842704065,1138.8443743093,39.73092405286,0.05294196914097,1513694.9080159,919.28825840424,1522321.4623997,-129.26030047582,70973.176505879,985.43864663532,328.70254527564,0.22067803295358,367538.66075134,1964.7793142881,918.93009367192,1.8437430979969,325557.65755838,2012.1508731304,821.8572271918,1.8003410375843,490096.2376479,986.76578624306,325.930251275,0.13099190033783,99983.426358416,986.7509173708,325.96188666897,0.18328920351845,101402.30377976,1.1332395990236,311.47644979099,2.5889597634966,189291.4192357,2012.1649318713,821.82841829653,1.3973911281041,189169.31318957,2012.170771084,821.81645269677,1.3973910980399,-3104984.9140467,2011.5199993248,823.15000138356,1.0987973027273e-316,232505.8552507,2012.2191396577,821.71733676706,1.1358875634503,197593.85926368,2012.1716535779,821.81464430764,1.1359138199332,205572.01873278,1964.6730775236,919.14779195975,1.4310789879756,365692.2300165,2012.3598905062,821.4289128972,0.0066131549561933,121191.23515498,1964.6045298987,919.28825840424,0.19874351470507,205939.79235489,144708.87124657,1964.6004050348,919.29671099424,1.43107894687,405392.36057338,985.42708584242,328.72625295572,0.18353199364447,70974.963340545,985.43800418849,328.70386273924,0.22067803366061
13.194889800848,1472993.1202692,1509673.7106295,325.93308442363,328.72659746758,798.35821392367,892.59425391379,922.96490651106,303.1507454667,311.47660161203,173.3038345014,-95238.57039311,138558.26043908,233796.83083219,2556651195.6565,94482537.088124,-1932397070.9486,-406284613.22838,146.1900509696,1324.7369421999,-973.80318759563,-204.74117735991,146.18994093688,4.492699220311e-16,1324.6393505967,1138.9439236251,39.577699181172,0.017654195886629,1513701.5639166,919.23980831822,1522350.8451643,-129.26124849397,70973.183689292,985.4384593979,328.70292924279,0.22067969399416,367526.87243531,1964.7409493456,919.00871035743,1.843658302891,325551.48066449,2012.1459745253,821.86726531706,1.800234600048,490096.14662919,986.76560579947,325.93063519141,0.13099287636801,99983.423954392,986.7508006743,325.96213495544,0.18329060219507,101402.30591345,1.1332391569777,311.47657128952,2.5887600709976,189284.92736302,2012.1555757725,821.8475906302,1.3973084845737,189162.65717668,2012.1609285352,821.83662185413,1.3973084857185,-3104984.9140467,2011.5199993248,823.15000138356,4.0584844613997e-317,232498.86958608,2012.2134007118,821.72909690208,1.1358203640906,197587.07360235,2012.1622064218,821.83400323403,1.1358466328192,205564.83767885,1964.6336565325,919.22857267929,1.4310132217591,365684.97152931,2012.3619102073,821.42477416539,0.006612811561503,121191.44292589,1964.6281735407,919.23980831822,0.19873178434035,205933.21898406,144702.58524329,1964.6172338557,919.26222570563,1.4310132155286,405392.35073516,985.42691763582,328.72659789645,0.18353337660179,70974.971654989,985.43782387956,328.70423249817,0.22067969311454
16.503612251061,1472745.4030013,1509686.3849054,325.93355832883,328.72707549232,798.36861877408,892.59341555971,922.96339250655,303.15074751309,311.47709752515,173.26482854139,-95237.480724465,138558.80513181,233796.28585628,2556627487.5135,94224590.98045,-1932331642.2048,-406273262.0637,146.18819690223,1324.7002925871,-973.77418254518,-204.73629112891,146.18809919611,1.1712130901871e-16,1324.6469791005,1139.0373179397,39.459835995819,-0.01880170082391,1513783.1013571,919.17643196165,1522449.1931093,-129.26194351128,70973.19046363,985.43822782864,328.70340412111,0.22068093492174,367521.81529507,1964.6909310889,919.11120678511,1.8436399313975,325551.02000383,2012.1343304195,821.89112618948,1.8001845754435,490096.05167654,986.76537042533,325.93113597947,0.13099360159505,99983.4243614,986.75059425641,325.96257413545,0.1832916703091,101402.30575399,1.1332372709645,311.47708967075,2.5881814684963,189284.79684446,2012.1472469315,821.86465792725,1.3972696742655,189162.45681896,2012.1511751185,821.8566083637,1.3972696774829,-3104984.9140467,2011.5199993248,823.15000138356,2.185730607101e-317,232498.39886815,2012.2036017421,821.74917675792,1.1357888086571,197586.79116237,2012.1522250359,821.85445689359,1.1358150872604,205563.02574879,1964.6259945992,919.24427336224,1.4309989369913,365684.08506575,2012.3635427813,821.42142872691,0.0066126818038181,121191.71815502,1964.6591012027,919.17643196165,0.19872753006918,205931.6785147,144701.70639122,1964.6463270246,919.20260855614,1.4309989360453,405392.28051182,985.42668474952,328.72707547562,0.18353440768463,70974.976812738,985.43758801051,328.70471619406,0.22068093443645
20.639515313826,1472656.0143038,1509701.9566143,325.93416623751,328.72768854674,798.38744606117,892.59208054736,922.9614921439,303.15074929685,311.47748634785,173.24699828299,-95238.940746754,138559.4041858,233798.34493255,2556645958.8145,94031848.385706,-1932312915.7843,-406268131.37847,146.18916977045,1324.6812242578,-973.76058770727,-204.73283138888,146.18920196958,1.8849624198747e-16,1324.672533375,1139.1134737444,39.373673048891,-0.046057711021466,1513929.2946265,919.10722532446,1522605.4138253,-129.26274076689,70973.200465784,985.43793887088,328.70399668586,0.2206823594775,367520.31772292,1964.6569741089,919.18079076046,1.8436438305391,325552.65309497,2012.1212077401,821.91801692595,1.8001643258396,490095.94998369,986.76507550659,325.93176345614,0.13099442919203,99983.424077576,986.75034263187,325.96310949828,0.18329286968527,101402.30678482,1.1332357919746,311.47749618057,2.587918179452,189287.17090606,2012.1360184565,821.88766709723,1.3972539524761,189164.80667623,2012.1398986147,821.8797159535,1.3972539523276,-3104984.9140467,2011.5199993248,823.15000138356,-1.1190586878304e-318,232500.49413374,2012.1918604942,821.77323669219,1.1357760175571,197589.080242,2012.1408622159,821.87774136078,1.1358023003212,205562.14925452,1964.6472951507,919.20062469117,1.4310019418868,365685.53981306,2012.361831132,821.42493620497,0.0066125962852421,121192.01799362,1964.6928740417,919.10722532446,0.19872686623619,205930.88911993,144701.70639122,1964.6812344278,919.13107699228,1.4310019323415,405392.18755483,985.42638595482,328.72768821295,0.18353559391486,70974.988092785,985.43728858046,328.70533023429,0.22068236012833
25.809394142282,1472637.1821917,1509754.2421271,325.93491237717,328.72848717251,798.41170308324,892.59332409956,922.9621706925,303.15074784549,311.47783578204,173.23779166702,-95240.703504821,138559.97110911,233800.67461393,2556682817.5788,93889448.715613,-1932327664.0716,-406270846.75995,146.19100539251,1324.6675251097,-973.75056838762,-204.73053059657,146.191213596,9.7697758654487e-17,1324.6900270759,1139.1686560506,39.313545090727,-0.054333467107672,1514118.467093,919.04178771626,1522796.2353326,-129.26445536257,70973.210363792,985.43756830202,328.7047566102,0.2206853697104,367521.483726,1964.6581343854,919.17841314464,1.8436382381852,325554.65120942,2012.1153447675,821.93003121409,1.8001565611255,490095.80565988,986.76471929798,325.93252133473,0.13099619629045,99983.423932414,986.75002618973,325.96378276867,0.18329537326402,101402.30684776,1.1332345718623,311.47783153702,2.587783285976,189289.78392033,2012.1243698669,821.91153715801,1.3972479217866,189167.41310897,2012.127678538,821.90475709433,1.3972479215837,-3104984.9140467,2011.5199993248,823.15000138356,-5.1349971802041e-318,232502.84319237,2012.1789578109,821.79967661702,1.1357711126479,197591.63222587,2012.1285173312,821.90303825569,1.1357973994768,205561.44932222,1964.6837040125,919.12601636791,1.4309975824245,365687.09111359,2012.3546469911,821.43965780519,0.006612557185132,121192.30321866,1964.7248075945,919.04178771626,0.19872443744096,205930.19840754,144701.70639122,1964.7158080437,919.0602294187,1.4309975745228,405392.08198316,985.42599656524,328.72848673287,0.18353809676221,70974.998226637,985.43692210018,328.7060817742,0.220685369735
32.271742677853,1472647.6471142,1509837.7716107,325.93582584624,328.72950301765,798.43217642524,892.60266391134,922.97068788763,303.15074937599,311.47821525976,173.23118246746,-95241.332182884,138560.43399813,233801.76618102,2556725146.9543,93788802.381517,-1932365317.0872,-406277909.82617,146.19253924947,1324.6567828535,-973.74180795312,-204.72825865137,146.1928416581,1.9884540268845e-16,1324.6929666259,1139.2057871742,39.272936435634,-0.046056121541802,1514277.6677323,918.98832834364,1522946.9569084,-129.26667903071,70973.221749331,985.43710739763,328.70570178531,0.22068926949497,367524.03863338,1964.6877879223,919.11764770023,1.8436178465153,325555.91844608,2012.1199422556,821.92061013204,1.8001538863745,490095.62838684,986.76428642139,325.93344233405,0.13099849539351,99983.423458634,986.74962883489,325.96462819104,0.18329861148204,101402.30714563,1.1332332725146,311.47818867267,2.5876876200768,189291.04086907,2012.1199651937,821.92056312774,1.3972458453166,189168.66912857,2012.1211787702,821.91807629048,1.3972458450473,-3104984.9140467,2011.5199993248,823.15000138356,-6.5919720665077e-319,232503.94475389,2012.1700688597,821.81789168103,1.1357694213784,197592.8609179,2012.1215464201,821.91732290972,1.135795709524,205560.94906588,1964.7213974417,919.04877573412,1.4309817525786,365687.49122922,2012.3432296534,821.463053989,0.0066126077300297,121192.53752337,1964.7508957683,918.98832834364,0.19872027959675,205929.69785716,144701.70639122,1964.7449261502,919.00056116761,1.4309817465852,405391.94109587,985.42550078771,328.72950342223,0.18354134020801,70975.009215474,985.43646238231,328.70702451612,0.22068926929405
40.349678347316,1472689.5042196,1509938.5079771,325.93696068006,328.73076036775,798.43721706946,892.621004601,922.98790732202,303.15074821502,311.47865724138,173.22718439969,-95240.756584378,138560.74043656,233801.49702094,2556780547.2292,93721667.731972,-1932403305.6479,-406286149.98021,146.19336441736,1324.653290512,-973.73669053771,-204.72731025494,146.19359942255,7.2045554080727e-17,1324.6882302642,1139.2303077854,39.246104158225,-0.031221355009802,1514316.4097398,918.95308624308,1522970.1209057,-129.26976032003,70973.236393153,985.4365331359,328.70687942197,0.22069465873682,367526.60046712,1964.7254751286,919.04041981845,1.8435951153143,325556.18995339,2012.1305404398,821.89889254144,1.8001556723024,490095.40617911,986.76375060247,325.93458235613,0.13100169160999,99983.422703527,986.74912713947,325.96569561106,0.18330308282876,101402.30705018,1.1332316105178,311.47864548639,2.5876315222046,189290.73322738,2012.1254346888,821.90935514583,1.3972472333683,189168.35765079,2012.1246414003,821.910980737,1.3972472335913,-3104984.9140467,2011.5199993248,823.15000138356,1.4402804081306e-318,232503.67246376,2012.1707117213,821.81657434153,1.1357705561617,197592.56240469,2012.1245016488,821.91126711309,1.1357968395758,205560.63426515,1964.7510719961,918.98796722121,1.4309641088559,365686.99043206,2012.3332417899,821.48352092242,0.0066127570491245,121192.69321233,1964.7680939134,918.95308624308,0.19871608190318,205929.39713073,144701.70639122,1964.7648813514,918.9596693618,1.430964106167,405391.76855408,985.42488784981,328.73076037197,0.18354582263063,70975.024201219,985.43588850393,328.70820136663,0.22069465873754
50.447097934145,1472832.6631368,1510027.7957439,325.93838319635,328.73227209319,798.42592241233,892.63885395358,923.00479817663,303.15074839949,311.47908824308,173.23522334243,-95239.846938614,138560.87485914,233800.72179775,2556847239.5406,93679037.818654,-1932417149.2373,-406288570.79217,146.19349183422,1324.6575241086,-973.73759447006,-204.72725350217,146.19355779355,7.4951550486883e-18,1324.6816685254,1139.2452753454,39.228582553014,-0.018808295495778,1514227.7353242,918.93765045744,1522869.9573632,-129.27366391993,70973.255200969,985.43581744229,328.70834709251,0.22070148309113,367528.3905778,1964.7547185686,918.98049473657,1.8435789084732,325555.94649305,2012.1406539444,821.87816814676,1.8001591864259,490095.1305072,986.76308045536,325.93600817832,0.13100575473929,99983.421575478,986.74849598514,325.96703847121,0.18330873019954,101402.30687192,1.1332299155761,311.47911135669,2.5877553693122,189289.77532666,2012.1355709098,821.88858420123,1.3972499610333,189167.39599163,2012.1341733776,821.89144799676,1.3972499620564,-3104984.9140467,2011.5199993248,823.15000138356,9.6730642471028e-319,232502.88709607,2012.1790086741,821.79957238904,1.1357727803028,197591.63938327,2012.1338438398,821.89212327906,1.1357990574115,205560.50266303,1964.7684961607,918.95226196574,1.4309515333543,365686.52162761,2012.3307423337,821.48864275882,0.0066129185064002,121192.76237059,1964.7756265768,918.93765045744,0.19871306837484,205929.28289885,144701.70639122,1964.7744451015,918.94007151331,1.4309515322,405391.54893414,985.42415071278,328.73227201647,0.18355149834476,70975.043149483,985.43517693863,328.70966057125,0.22070148321387
63.068872417681,1472943.7130632,1510081.3268376,325.94016310477,328.73405718094,798.40922153453,892.64427505804,923.00996808348,303.15074889176,311.4797046221,173.23536007666,-95239.394932615,138560.90302781,233800.29796043,2556893175.7028,93652302.124984,-1932397163.3153,-406284382.59151,146.19319816307,1324.6618357117,-973.73964303632,-204.72769117357,146.19313887218,3.7455188673081e-17,1324.6738733918,1139.2519853252,39.217110822006,-0.012370505122855,1514096.6179398,918.93454756037,1522736.82608,-129.27840248093,70973.27865905,985.43492816457,328.71017073142,0.22070977215979,367529.29890017,1964.7701873285,918.94879645794,1.8435666325569,325555.84194767,2012.146873748,821.86542264749,1.8001576690907,490094.78962001,986.76224268937,325.93779063072,0.13101069269929,99983.420477966,986.74770530238,325.96872074814,0.18331559944949,101402.30679263,1.1332276296525,311.47973966596,2.5877626388345,189289.16958975,2012.143982893,821.87134653064,1.3972487840681,189166.78908564,2012.143003815,821.87335283813,1.397248784338,-3104984.9140467,2011.5199993248,823.15000138356,3.6133985074245e-319,232502.45879695,2012.1881667858,821.78080576672,1.1357718261295,197591.06591813,2012.1427562723,821.87386009769,1.1357980997441,205560.50903648,1964.7753200921,918.93827849981,1.4309420081983,365686.63561525,2012.335731663,821.47841872329,0.0066129846361396,121192.77796783,1964.7771407905,918.93454756037,0.19871117251098,205929.29483476,144701.70639122,1964.77692148,918.93499696713,1.4309420084234,405391.27450241,985.42328022711,328.73405711857,0.18355839188046,70975.066732999,985.43429098007,328.71147740358,0.22070977220848
78.846090522101,1473087.5861492,1510084.5183748,325.94238606127,328.73616773292,798.39695257609,892.63652149955,923.00262222583,303.150748646,311.48047397006,173.23627379712,-95239.485865102,138560.93148928,233800.41735438,2556894405.6106,93634692.148585,-1932360788.4432,-406276851.85127,146.19289134065,1324.6606885751,-973.7387382811,-204.7275599259,146.19281066611,8.5021062293505e-20,1324.6657695032,1139.2537852524,39.209557783655,-0.010205248495819,1513999.8368057,918.93142684017,1522642.9603403,-129.28407285692,70973.307990074,985.43382115081,328.7124408809,0.22071970089146,367529.68605744,1964.7763761594,918.93611442747,1.8435539228587,325556.10812438,2012.1497125142,821.8596055036,1.8001494142345,490094.36536435,986.76119719138,325.94001505905,0.13101660046,99983.419020932,986.74671243949,325.97083318868,0.18332382547018,101402.30668964,1.1332249334347,311.48048075204,2.5877824985654,189289.18775353,2012.1485598594,821.86196750118,1.3972423765891,189166.80817958,2012.1481200313,821.86286878827,1.3972423770721,-3104984.9140467,2011.5199993248,823.15000138356,1.2444525487449e-319,232502.58668345,2012.1939938325,821.76886509737,1.1357666182513,197591.10012743,2012.1480044487,821.863105638,1.1357928915975,205560.53434255,1964.7779512061,918.93288687277,1.4309321452173,365687.19056239,2012.342905329,821.46371858822,0.00661295601313,121192.79339777,1964.778663702,918.93142684017,0.19870978141193,205929.31876817,144701.70639122,1964.7785259108,918.93170919916,1.4309321454829,405390.93199028,985.42225102327,328.73616770351,0.18356664930097,70975.096171885,985.43318602827,328.71374332461,0.22071970094103
98.567613152626,1473317.6127879,1510046.668631,325.94515492421,328.73872544815,798.39027926424,892.62459419019,922.99127561726,303.15074862708,311.4813636371,173.24486370427,-95239.756982672,138561.0092976,233800.76628027,2556865649.9685,93622292.283879,-1932328667.0582,-406270083.50053,146.19276760407,1324.6560365699,-973.73550503156,-204.72687264887,146.19271681216,-1.4867467542322e-18,1324.6591924928,1139.2543639329,39.204607831231,-0.008842768398872,1513946.5648368,918.92256812271,1522592.0818324,-129.2905954824,70973.344449557,985.43244233024,328.71526842372,0.22073114551256,367529.99743905,1964.7805981127,918.92746288387,1.8435407129084,325556.54894517,2012.1513896381,821.85616877432,1.800139147569,490093.84101254,986.75989532867,325.94278493554,0.13102340297614,99983.417238241,986.74546799012,325.97348091109,0.18333329620764,101402.3064409,1.1332217048569,311.48136816794,2.5879181754482,189289.49424753,2012.1508951016,821.85718216895,1.3972344076677,189167.11527753,2012.1507164418,821.85754827508,1.3972344075574,-3104984.9140467,2011.5199993248,823.15000138356,8.2688308684929e-319,232502.94850761,2012.1969880995,821.7627293042,1.1357601407431,197591.41113738,2012.1506694526,821.85764456436,1.1357864136775,205560.50186932,1964.7817804892,918.92503998119,1.4309218924778,365687.79780208,2012.3482379468,821.45279109257,0.0066129054428966,121192.83358385,1964.7829867561,918.92256812271,0.1987084700441,205929.28595522,144701.70639122,1964.7826862133,918.92318398909,1.4309218918227,405390.50882654,985.42100378283,328.7387254154,0.18357616742652,70975.132642134,985.43180936781,328.7165664377,0.22073114561129
123.21951644078,1473596.0329157,1509997.300832,325.94859653075,328.7419138475,798.38596848898,892.61513151437,922.98225775168,303.15074892655,311.48247236925,173.25453840201,-95239.946301285,138561.10904521,233801.0553465,2556834345.2935,93613590.301107,-1932306394.7511,-406265328.94938,146.19275140442,1324.6517117792,-973.73234457607,-204.72617197379,146.19272583345,-2.1293695118812e-19,1324.6544538894,1139.2549445554,39.201416669642,-0.0067472817835869,1513911.349551,918.91114894271,1522557.6877475,-129.29800225169,70973.389862002,985.43072410832,328.71879197578,0.22074417553812,367530.38701036,1964.7859378474,918.91652080456,1.8435288899098,325556.93717763,2012.1531830423,821.85249376576,1.8001309084744,490093.19188566,986.75827738129,325.94622732188,0.13103114412232,99983.415308908,986.74391540696,325.97678422684,0.18334407515362,101402.30606068,1.1332176782418,311.4824749417,2.5880718858618,189289.75448137,2012.1528135762,821.8532508685,1.3972280126472,189167.37534633,2012.1527003555,821.85348287803,1.3972280129188,-3104984.9140467,2011.5199993248,823.15000138356,-9.1318153320838e-320,232503.24796784,2012.1990860457,821.7584302343,1.1357549424372,197591.6737078,2012.1526718089,821.85354137511,1.135781215374,205560.43166646,1964.7872363226,918.91385999471,1.4309127151794,365688.2550833,2012.3515573159,821.44598910676,0.0066128735480639,121192.8845307,1964.788559316,918.91114894271,0.19870720190422,205929.21778016,144701.70639122,1964.7882436247,918.91179585096,1.4309127148277,405389.98909741,985.41944898505,328.74191383411,0.18358700403112,70975.178149288,985.43009297063,328.72008624777,0.22074417553841
154.03439555098,1473965.5472989,1509961.9131838,325.95286003012,328.74593318834,798.38223010888,892.60869218009,922.97611983336,303.15074898798,311.48380935868,173.2701904083,-95240.039863607,138561.19414699,233801.2340106,2556811378.2349,93607766.731019,-1932290488.5604,-406261992.4964,146.19273964073,1324.6488598151,-973.73014951932,-204.72571439932,146.19272516924,2.5730348305769e-19,1324.6509194902,1139.2552994672,39.199374615462,-0.0044640515257878,1513880.1482787,918.9013907928,1522526.661226,-129.30620048697,70973.446353083,985.42858402158,328.72318064463,0.2207586514376,367530.76886704,1964.7913528282,918.9054245323,1.8435195025848,325557.21292768,2012.1549811591,821.84880910024,1.8001251424718,490092.39009896,986.75627326387,325.95049133352,0.13103974232311,99983.413192747,986.74200053812,325.98085835089,0.18335603875773,101402.30565226,1.1332128238803,311.48380924406,2.588316771753,189289.90335367,2012.1546870436,821.84941179594,1.3972235372022,189167.52386187,2012.1545994076,821.84959137781,1.3972235372554,-3104984.9140467,2011.5199993248,823.15000138356,-5.8611007566147e-320,232503.43374426,2012.2010242196,821.75445856629,1.1357513048116,197591.82594768,2012.1545776712,821.84963591973,1.1357775771448,205560.3666871,1964.7923716202,918.90333684391,1.4309054292365,365688.57312315,2012.3539534803,821.4410789339,0.0066128566589726,121192.92798221,1964.7933212931,918.9013907928,0.19870612460664,205929.15509286,144701.70639122,1964.7931030036,918.90183810746,1.4309054291111,405389.34966254,985.41748898827,328.74593319308,0.18359904315209,70975.234729196,985.42795517856,328.72447021095,0.22075865146619
192.55299443872,1474410.7493561,1509952.537797,325.95811953659,328.75098087563,798.37917067874,892.60412450746,922.97176909653,303.15074919049,311.48547249445,173.28792859479,-95240.094530399,138561.25486759,233801.34939799,2556795524.6724,93603983.517005,-1932278620.8992,-406259491.63982,146.19271745734,1324.647002109,-973.72871469916,-204.72540986076,146.19270851279,1.44333388026e-19,1324.6482644397,1139.2553823065,39.198064370439,-0.002648916898931,1513853.7238482,918.89441625435,1522500.350963,-129.31516853052,70973.516405241,985.42593679661,328.7286093002,0.22077455525158,367531.06095214,1964.79555527,918.89681297121,1.8435126137682,325557.40415794,2012.1563995994,821.84590246017,1.8001210723578,490091.401961,986.75380108027,325.95575121476,0.1310491864179,99983.410855747,986.73965120646,325.98585684919,0.18336917404452,101402.30512665,1.1332067732873,311.48547236662,2.5885955654128,189289.99310457,2012.1562109163,821.84628910596,1.397220378076,189167.61339181,2012.1561537097,821.84640633264,1.3972203781011,-3104984.9140467,2011.5199993248,823.15000138356,3.9031186021458e-321,232503.553966,2012.2026193974,821.75118975942,1.1357487371543,197591.91895299,2012.15613946,821.84643553281,1.135775009113,205560.32062194,1964.7961728747,918.89554738792,1.430900082408,365688.8011924,2012.3558248045,821.437244253,0.0066128451566732,121192.95893409,1964.7967248679,918.89441625435,0.19870532148947,205929.11072874,144701.70639122,1964.7965996409,918.89467286711,1.4309000823188,405388.56494659,985.41502753677,328.75098088359,0.18361226979066,70975.304897022,985.42531502709,328.72988436092,0.22077455527574
240.7012430484,1474956.0710233,1509966.0461903,325.9646005686,328.75726631119,798.37706057177,892.60096260414,922.96875837621,303.1507493396,311.48751596678,173.30951716063,-95240.132899791,138561.29492405,233801.42782384,2556784762.2626,93601547.280679,-1932270376.4741,-406257741.58913,146.19269856125,1324.6457541836,-973.72776375799,-204.7252015263,146.19269351084,3.1556301683385e-17,1324.6464322386,1139.255366973,39.197222524207,-0.001435405853192,1513834.0731746,918.88979200444,1522480.8151324,-129.32537362916,70973.602647537,985.42270013766,328.7352467061,0.22079270321377,367531.25563242,1964.7983609873,918.8910635507,1.8435079462629,325557.53356273,2012.157354085,821.84394654704,1.8001182898345,490090.18447603,986.75075480725,325.96223254335,0.13105996057984,99983.408192835,986.73677284747,325.99197715145,0.18338415542688,101402.30449591,1.1331993385694,311.48751596701,2.5889350396147,189290.05380408,2012.1572517686,821.84415621179,1.3972182182941,189167.67395599,2012.1572204589,821.84422037105,1.3972182182442,-3104984.9140467,2011.5199993248,823.15000138356,-8.3590966619881e-320,232503.63570787,2012.2037213196,821.74893172221,1.135746981841,197591.98193151,2012.1572126233,821.84423642759,1.1357732534622,205560.29043757,1964.7986892108,918.8903909615,1.4308964595972,365688.95804001,2012.3571436804,821.43454163848,0.006612836816087,121192.9792638,1964.7989815018,918.88979200444,0.19870478039776,205929.08160789,144701.70639122,1964.7989151388,918.88992799418,1.4308964596599,405387.59972831,985.41196251092,328.75726632206,0.18362736278942,70975.391312228,985.42209254922,328.73649268573,0.2207927032124
300.88655381051,1475624.7283339,1509994.5884211,325.97259247109,328.76503501423,798.37580314377,892.59900666649,922.96689589784,303.15074943166,311.49000442184,173.33633208529,-95240.157365818,138561.31917597,233801.47654179,2556778137.1107,93600001.150371,-1932265281.154,-406256678.4262,146.19268720384,1324.6449763372,-973.72716501204,-204.72507973383,146.19268472372,2.4781915811891e-17,1324.6453059017,1139.2553745756,39.19668410828,-0.00070259142773807,1513820.3582772,918.88696288002,1522467.1582661,-129.3381553624,70973.707789059,985.41875995154,328.74332683287,0.22081540793991,367531.37335556,1964.8000601827,918.88758159276,1.843505083383,325557.61316277,2012.1579323252,821.84276162876,1.8001165686987,490088.68334072,986.74699843902,325.97022468875,0.13107343874263,99983.404858178,986.73325465589,325.99945214145,0.18340290191538,101402.30371498,1.1331902861639,311.49000426164,2.5893562858492,189290.09181082,2012.1578827278,821.84286326279,1.397216882454,189167.71189298,2012.157867538,821.84289438924,1.3972168824535,-3104984.9140467,2011.5199993248,823.15000138356,1.9718159925524e-320,232503.6864671,2012.2043905583,821.74756033135,1.1357458960854,197592.02129286,2012.1578637431,821.84290216577,1.1357721675963,205560.27175358,1964.8002194886,918.88725514633,1.4308942376404,365689.05468796,2012.3579542341,821.43288066788,0.0066128315564957,121192.99141787,1964.8003621145,918.88696288002,0.19870444990829,205929.06356211,144701.70639122,1964.8003296437,918.88702941871,1.430894237595,405386.4097242,985.40817418588,328.76503502779,0.183646245508,70975.496802124,985.41816818658,328.74454036332,0.22081540793549
376.11819226313,1476435.119451,1510042.3699203,325.9824062301,328.77456998749,798.37515540336,892.59794101573,922.96588084212,303.15074960502,311.4930432482,173.36833015412,-95240.171513048,138561.33210299,233801.50361604,2556774559.5966,93599038.169696,-1932262487.3328,-406256093.6697,146.19268186433,1324.6445379756,-973.72682686085,-204.72500996897,146.19268078435,6.3993144531579e-18,1324.6446822419,1139.2554153246,39.196340873082,-0.0003068963331436,1513810.5618926,918.88540687993,1522457.3804487,-129.35517805944,70973.835535496,985.41394369759,328.75320350905,0.2208455497032,367531.43745409,1964.8009889922,918.88567829468,1.8435035028499,325557.65711307,2012.1582481762,821.84211439295,1.8001156122235,490086.83860549,986.74238577075,325.98003872007,0.1310913327028,99983.400423344,986.72896881308,326.00855813567,0.18342780446267,101402.30276518,1.133179230794,311.49304317828,2.5898595453167,189290.11305895,2012.1582265354,821.84215873894,1.3972161400248,189167.73310618,2012.158219909,821.84217231754,1.3972161400142,-3104984.9140467,2011.5199993248,823.15000138356,1.0839800269757e-320,232503.71468431,2012.2047546796,821.74681418105,1.1357452927167,197592.04327643,2012.1582182545,821.84217570799,1.1357715640692,205560.26112817,1964.8010587732,918.88553530078,1.4308930108895,365689.10787491,2012.3583946216,821.4319782344,0.0066128287342088,121192.99771209,1964.8011214426,918.88540687993,0.19870426779597,205929.05327381,144701.70639122,1964.8011071646,918.88543613815,1.4308930108757,405384.94492005,985.40352455892,328.77457000255,0.18367131336768,70975.625022582,985.4133647234,328.75439080951,0.2208455496807
470.15774032891,1477423.8275272,1510118.6980417,325.99434045153,328.78617148001,798.37488874137,892.59742967324,922.96539349477,303.15074978904,311.49674925058,173.40736606247,-95240.178915203,138561.33792402,233801.51683922,2556772888.0273,93598445.334676,-1932261121.5414,-406255806.36228,146.19267997792,1324.6443153436,-973.72665429943,-204.7249736119,146.19267956142,4.8962714534614e-17,1324.6443716653,1139.2554748803,39.196122023872,-0.00011936112277404,1513802.7510683,918.88464360034,1522449.5601868,-129.3771808173,70973.990940994,985.40805180481,328.76528599425,0.22088443526595,367531.46832131,1964.801442085,918.88474982584,1.8435027211166,325557.67860151,2012.1584022043,821.84179876173,1.8001151349799,490084.58709569,986.73677465974,325.99197330098,0.13111441922143,99983.394693206,986.72375685434,326.01963181901,0.18345994255859,101402.30160758,1.1331657485953,311.4967492655,2.5904734978227,189290.12348546,2012.1583937658,821.84181605366,1.3972157696061,189167.74350741,2012.1583911847,821.84182134286,1.3972157695992,-3104984.9140467,2011.5199993248,823.15000138356,3.4174520722839e-320,232503.72847888,2012.2049313976,821.7464520541,1.1357449917194,197592.05404566,2012.1583905536,821.84182263609,1.1357712629225,205560.25543623,1964.8014693589,918.88469393665,1.4308924041263,365689.13378588,2012.3586069302,821.43154317591,0.0066128274138369,121193.00027306,1964.801493923,918.88464360034,0.19870417791914,205929.0477367,144701.70639122,1964.8014883191,918.88465508373,1.430892404114,405383.15431768,985.3978672152,328.78617149878,0.18370365317088,70975.781008023,985.40748511689,328.7664480993,0.22088443522997
587.70717541114,1478628.9975053,1510220.7793789,326.00871806602,328.80015891573,798.37483387283,892.5972117761,922.96518551289,303.1507500027,311.50123876894,173.45547956978,-95240.182629499,138561.33981789,233801.52244738,2556772208.4339,93598081.559826,-1932260511.4292,-406255681.79088,146.19267979956,1324.6442079162,-973.72656817948,-204.72495737185,146.19267965772,5.6502960618235e-17,1324.6442276929,1139.2555324974,39.195982677079,-4.1468469244077e-05,1513795.415165,918.88430448602,1522442.1928243,-129.40408008065,70974.179470428,985.40089957346,328.77995305164,0.22093196367859,367531.48118001,1964.8016410754,918.88434205861,1.8435023655065,325557.68785951,2012.1584698876,821.84166006647,1.8001149130476,490081.86561642,986.73000743345,326.00635141193,0.13114263838515,99983.38768407,986.71744097161,326.03305097462,0.18349922463477,101402.30019798,1.1331494168779,311.50123876778,2.5912295887296,189290.12788875,2012.1584669154,821.84166615705,1.397215597387,189167.7479053,2012.1584660158,821.84166800043,1.3972155973831,-3104984.9140467,2011.5199993248,823.15000138356,-5.1056743841234e-320,232503.73435309,2012.2050083219,821.74629442229,1.1357448518701,197592.05860611,2012.1584657921,821.84166845891,1.1357711229763,205560.25221882,1964.8016506872,918.88432236226,1.4308921281401,365689.14491716,2012.358698041,821.4313564734,0.0066128268880433,121193.00071965,1964.8016594108,918.88430448602,0.19870413725127,205929.04462208,144701.70639122,1964.8016574038,918.88430859887,1.4308921280695,405380.98805088,985.39104106379,328.80015894453,0.18374318196358,70975.97020485,985.40034942338,328.7810812426,0.22093196361316
734.64396926393,1480067.9625705,1510338.1209063,326.02592506296,328.81690104844,798.37488891034,892.59712937109,922.96510668517,303.15075024759,311.50664402444,173.51192671686,-95240.184464627,138561.33972057,233801.5241852,2556771984.896,93597856.934503,-1932260269.0735,-406255627.70553,146.19268025552,1324.6441602973,-973.72653123048,-204.7249480259,146.19268021094,1.1623855871483e-16,1324.6441666806,1139.255582098,39.195893912888,-1.3283618524613e-05,1513787.5482007,918.88416535618,1522434.2843048,-129.4357560901,70974.406227418,985.39231549143,328.79754871661,0.22098796930941,367531.48561351,1964.8017213494,918.88417756266,1.8435022168449,325557.69103767,2012.1584971475,821.84160420601,1.8001148184091,490078.6026309,986.72190848788,326.02355898456,0.13117588943696,99983.379430265,986.70984630203,326.04918712806,0.18354550814718,101402.29851646,1.1331297542274,311.50664409754,2.5921178173723,189290.12914856,2012.1584961953,821.84160615709,1.397215523886,189167.74916907,2012.1584959105,821.84160674069,1.3972155238868,-3104984.9140467,2011.5199993248,823.15000138356,2.0483961676578e-320,232503.73621392,2012.2050388278,821.74623191034,1.1357447922722,197592.05991648,2012.1584958384,821.8416068886,1.1357710632359,205560.25009426,1964.8017244631,918.88417118224,1.4308920127494,365689.14887557,2012.3587331084,821.43128461403,0.006612826711179,121193.00003066,1964.8017273062,918.88416535618,0.19870412036515,205929.04249018,144701.70639122,1964.8017266546,918.88416669144,1.4308920127447,405378.39048741,985.38286682327,328.81690107259,0.18378976119199,70976.197670397,985.39178705095,328.79863104569,0.22098796936945
918.31496157991,1481781.6245555,1510470.647432,326.04635509663,328.83677911141,798.37500234268,892.59710131534,922.96507969931,303.15075054188,311.51304969591,173.57971064531,-95240.185348748,138561.33858794,233801.52393669,2556771930.4823,93597716.436016,-1932260170.9121,-406255610.71257,146.1926806985,1324.6441380027,-973.72651138296,-204.72494568999,146.19268068332,8.5660584420814e-19,1324.6441399577,1139.2556186533,39.195837180051,-4.3637663455934e-06,1513778.6032327,918.88410963104,1522425.2828944,-129.47278323115,70974.67543527,985.38212599011,328.81841841524,0.22105347221914,367531.48627578,1964.8017526075,918.88411350929,1.8435021541827,325557.69139748,2012.1585077779,821.84158242236,1.8001147767346,490074.72903429,986.71229243826,326.04398990004,0.1312147771467,99983.369773533,986.70083163777,326.06834029914,0.18359963267406,101402.29651273,1.1331064539386,311.51304966935,2.5931837637331,189290.1287342,2012.1585074863,821.84158301988,1.3972154915774,189167.74875675,2012.1585073972,821.84158320241,1.3972154915559,-3104984.9140467,2011.5199993248,823.15000138356,2.1546202815137e-320,232503.73602192,2012.2050503225,821.74620835546,1.1357447661731,197592.05952482,2012.1585073866,821.84158322411,1.1357710369134,205560.24816886,1964.8017535874,918.8841115013,1.4308919640567,365689.14941928,2012.3587453033,821.43125962433,0.0066128266653278,121192.99865969,1964.8017545001,918.88410963104,0.19870411331454,205929.04055822,144701.70639122,1964.8017542928,918.88411005578,1.4308919640652,405375.30782475,985.37316148371,328.83677913191,0.18384423772629,70976.46762241,985.38162474381,328.81944504637,0.22105347224926
1000,1482526.6309318,1510527.920768,326.05523457026,328.8454186893,798.37509085021,892.59712012096,922.96509982051,303.15075066515,311.51583124877,173.60921509168,-95240.18016391,138561.33659555,233801.51675946,2556771660.9395,93598699.753274,-1932260418.3746,-406255659.98572,146.19267566662,1324.6442409022,-973.72660235494,-204.72496342813,146.19267569721,-1.4211208502947e-16,1324.6442327433,1139.255322446,39.19624436153,1.4598213619116e-05,1513775.0150675,918.88424162211,1522421.6778507,-129.48885162,70974.79234423,985.37770004832,328.82748343897,0.22108189936651,367531.48086982,1964.8016986599,918.88422405752,1.8435023436508,325557.68313749,2012.1584895305,821.84161981448,1.8001149296698,490073.0457768,986.70811306429,326.05286968329,0.13123165368631,99983.365584757,986.69691605579,326.07665961192,0.18362312152592,101402.29564796,1.1330963360583,311.5158312967,2.5936476989994,189290.12167578,2012.1584906027,821.8416176174,1.3972156102508,189167.74167815,2012.1584908904,821.84161702796,1.3972156102068,-3104984.9140467,2011.5199993248,823.15000138356,1.0849681582674e-320,232503.72863197,2012.2050342102,821.74624137261,1.135744862634,197592.05247435,2012.1584909716,821.8416168614,1.1357711334097,205560.24778778,1964.8016945495,918.88423248044,1.4308921111939,365689.14079551,2012.3587314145,821.43128808495,0.006612826448504,121192.99722669,1964.8016900884,918.88424162211,0.1987041350769,205929.04024043,144701.70639122,1964.8016911851,918.88423937471,1.430892111196,405373.9684206,985.36894326721,328.84541870164,0.18386787963728,70976.584858463,985.37721054213,328.8284860245,0.22108189938304
